"InputCategories","UserDefinedCategories","Type","NumOverlap","Pvalues","CorrectedPvalues","Genes"
"FDR_Pass","cotranslational protein targeting to membrane (GO:0006613)__GO_BP","User",75,4.55225645760277e-08,0.000290570529688785,"ARL6IP1;FAU;RPL10A;RPL11;RPL12;RPL13;RPL13A;RPL15;RPL17;RPL19;RPL21;RPL22;RPL23;RPL24;RPL26;RPL27;RPL27A;RPL3;RPL30;RPL31;RPL32;RPL35;RPL35A;RPL36;RPL39;RPL4;RPL41;RPL5;RPL6;RPL7;RPL7A;RPL9;RPLP0;RPLP1;RPLP2;RPN1;RPS10;RPS11;RPS13;RPS14;RPS15A;RPS16;RPS17;RPS18;RPS2;RPS20;RPS24;RPS25;RPS27;RPS27A;RPS29;RPS3;RPS3A;RPS4X;RPS5;RPS6;RPS8;RPS9;RPSA;SEC11A;SEC11C;SEC61A1;SEC61B;SEC61G;SPCS1;SRP14;SRP54;SRP68;SRP9;SRPR;SSR1;SSR2;SSR4;TRAM1;UBA52"
"FDR_Pass","SRP-dependent cotranslational protein targeting to membrane (GO:0006614)__GO_BP","User",74,6.85632193090625e-08,0.000437639028849746,"FAU;RPL10A;RPL11;RPL12;RPL13;RPL13A;RPL15;RPL17;RPL19;RPL21;RPL22;RPL23;RPL24;RPL26;RPL27;RPL27A;RPL3;RPL30;RPL31;RPL32;RPL35;RPL35A;RPL36;RPL39;RPL4;RPL41;RPL5;RPL6;RPL7;RPL7A;RPL9;RPLP0;RPLP1;RPLP2;RPN1;RPS10;RPS11;RPS13;RPS14;RPS15A;RPS16;RPS17;RPS18;RPS2;RPS20;RPS24;RPS25;RPS27;RPS27A;RPS29;RPS3;RPS3A;RPS4X;RPS5;RPS6;RPS8;RPS9;RPSA;SEC11A;SEC11C;SEC61A1;SEC61B;SEC61G;SPCS1;SRP14;SRP54;SRP68;SRP9;SRPR;SSR1;SSR2;SSR4;TRAM1;UBA52"
"FDR_Pass","protein targeting to ER (GO:0045047)__GO_BP","User",74,3.97115705501249e-07,0.00253478954821447,"FAU;RPL10A;RPL11;RPL12;RPL13;RPL13A;RPL15;RPL17;RPL19;RPL21;RPL22;RPL23;RPL24;RPL26;RPL27;RPL27A;RPL3;RPL30;RPL31;RPL32;RPL35;RPL35A;RPL36;RPL39;RPL4;RPL41;RPL5;RPL6;RPL7;RPL7A;RPL9;RPLP0;RPLP1;RPLP2;RPN1;RPS10;RPS11;RPS13;RPS14;RPS15A;RPS16;RPS17;RPS18;RPS2;RPS20;RPS24;RPS25;RPS27;RPS27A;RPS29;RPS3;RPS3A;RPS4X;RPS5;RPS6;RPS8;RPS9;RPSA;SEC11A;SEC11C;SEC61A1;SEC61B;SEC61G;SPCS1;SRP14;SRP54;SRP68;SRP9;SRPR;SSR1;SSR2;SSR4;TRAM1;UBA52"
"FDR_Pass","protein localization to endoplasmic reticulum (GO:0070972)__GO_BP","User",76,4.19350959681792e-07,0.00267671717564888,"BCAP31;FAU;PEX16;RPL10A;RPL11;RPL12;RPL13;RPL13A;RPL15;RPL17;RPL19;RPL21;RPL22;RPL23;RPL24;RPL26;RPL27;RPL27A;RPL3;RPL30;RPL31;RPL32;RPL35;RPL35A;RPL36;RPL39;RPL4;RPL41;RPL5;RPL6;RPL7;RPL7A;RPL9;RPLP0;RPLP1;RPLP2;RPN1;RPS10;RPS11;RPS13;RPS14;RPS15A;RPS16;RPS17;RPS18;RPS2;RPS20;RPS24;RPS25;RPS27;RPS27A;RPS29;RPS3;RPS3A;RPS4X;RPS5;RPS6;RPS8;RPS9;RPSA;SEC11A;SEC11C;SEC61A1;SEC61B;SEC61G;SPCS1;SRP14;SRP54;SRP68;SRP9;SRPR;SSR1;SSR2;SSR4;TRAM1;UBA52"
"FDR_Pass","establishment of protein localization to endoplasmic reticulum (GO:0072599)__GO_BP","User",75,6.13296269370794e-07,0.00391467008739378,"FAU;RAB10;RPL10A;RPL11;RPL12;RPL13;RPL13A;RPL15;RPL17;RPL19;RPL21;RPL22;RPL23;RPL24;RPL26;RPL27;RPL27A;RPL3;RPL30;RPL31;RPL32;RPL35;RPL35A;RPL36;RPL39;RPL4;RPL41;RPL5;RPL6;RPL7;RPL7A;RPL9;RPLP0;RPLP1;RPLP2;RPN1;RPS10;RPS11;RPS13;RPS14;RPS15A;RPS16;RPS17;RPS18;RPS2;RPS20;RPS24;RPS25;RPS27;RPS27A;RPS29;RPS3;RPS3A;RPS4X;RPS5;RPS6;RPS8;RPS9;RPSA;SEC11A;SEC11C;SEC61A1;SEC61B;SEC61G;SPCS1;SRP14;SRP54;SRP68;SRP9;SRPR;SSR1;SSR2;SSR4;TRAM1;UBA52"
"FDR_Pass","greenyellow_M6_GlutatmatergicSynapse__MouseMeta","Brain",61,8.59687714015305e-07,0.00548738667855969,"AARS;ADRBK1;ADRM1;ALDH9A1;ANAPC5;ARF1;ARF3;ARHGDIA;ATXN7L3;BAT3;CAPN1;CARM1;CCDC90B;CLPTM1;CSNK1G2;CXXC5;CYB5R3;CYFIP2;DCTN1;DEGS1;DYNC1H1;EGLN2;EPB49;EPN1;FKBP8;FLOT2;GGA1;GRINA;GTF2A2;HDAC6;HSP90AB1;IMPDH1;LAMP1;MAPK8IP3;MAST3;NCOR2;NRGN;PDXK;PITPNM1;PKM2;PLD3;PPP2R4;PSMA1;PTOV1;RBCK1;RERE;RFNG;RPL21;SEC14L1;SELS;SFRS4;SLC25A39;SMARCA4;SMARCD1;SPOCK2;TNIP1;UBR4;URM1;VAMP2;WBP2;YPEL3"
"FDR_Pass","protein targeting to membrane (GO:0006612)__GO_BP","User",82,1.99280113526725e-06,0.0127200496464109,"ARL6IP1;ATG3;FAU;MYADM;NCF1;PEX16;RAB8B;RPL10A;RPL11;RPL12;RPL13;RPL13A;RPL15;RPL17;RPL19;RPL21;RPL22;RPL23;RPL24;RPL26;RPL27;RPL27A;RPL3;RPL30;RPL31;RPL32;RPL35;RPL35A;RPL36;RPL39;RPL4;RPL41;RPL5;RPL6;RPL7;RPL7A;RPL9;RPLP0;RPLP1;RPLP2;RPN1;RPS10;RPS11;RPS13;RPS14;RPS15A;RPS16;RPS17;RPS18;RPS2;RPS20;RPS24;RPS25;RPS27;RPS27A;RPS29;RPS3;RPS3A;RPS4X;RPS5;RPS6;RPS8;RPS9;RPSA;SEC11A;SEC11C;SEC61A1;SEC61B;SEC61G;SPCS1;SRP14;SRP54;SRP68;SRP9;SRPR;SSR1;SSR2;SSR4;TESC;TMED2;TRAM1;UBA52"
"FDR_Pass","translation (GO:0006412)__GO_BP","User",110,6.63838795832693e-06,0.0423728303380008,"ABCF1;AKT1;COPS5;DARS;DHPS;EEF1A1;EEF1B2;EEF1D;EEF1G;EIF3B;EIF3E;EIF3H;EIF3K;EIF3M;EIF4A2;EIF4EBP2;EIF4G1;EIF4H;FAU;GCN1L1;HARS2;MRPL18;MRPL21;MRPL23;MRPL24;MRPL3;MRPL33;MRPL43;MRPL51;MRPS21;MRPS24;PABPC4;RPL10A;RPL11;RPL12;RPL13;RPL13A;RPL15;RPL17;RPL19;RPL21;RPL22;RPL23;RPL24;RPL26;RPL27;RPL27A;RPL3;RPL30;RPL31;RPL32;RPL35;RPL35A;RPL36;RPL36AL;RPL39;RPL4;RPL41;RPL5;RPL6;RPL7;RPL7A;RPL9;RPLP0;RPLP1;RPLP2;RPN1;RPS10;RPS11;RPS13;RPS14;RPS15A;RPS16;RPS17;RPS18;RPS2;RPS20;RPS24;RPS25;RPS27;RPS27A;RPS29;RPS3;RPS3A;RPS4X;RPS5;RPS6;RPS6KB2;RPS8;RPS9;RPSA;RRBP1;SARS;SEC11A;SEC11C;SEC61B;SEC61G;SPCS1;SRP14;SRP54;SRP68;SRP9;SRPR;SSR1;SSR2;SSR4;TNIP1;TRAM1;UBA52;WARS"
"FDR_Pass","viral transcription (GO:0019083)__GO_BP","User",58,6.87774635175253e-06,0.0439006549632364,"FAU;RPL10A;RPL11;RPL12;RPL13;RPL13A;RPL15;RPL17;RPL19;RPL21;RPL22;RPL23;RPL24;RPL26;RPL27;RPL27A;RPL3;RPL30;RPL31;RPL32;RPL35;RPL35A;RPL36;RPL39;RPL4;RPL41;RPL5;RPL6;RPL7;RPL7A;RPL9;RPLP0;RPLP1;RPLP2;RPS10;RPS11;RPS13;RPS14;RPS15A;RPS16;RPS17;RPS18;RPS2;RPS20;RPS24;RPS25;RPS27;RPS27A;RPS29;RPS3;RPS3A;RPS4X;RPS5;RPS6;RPS8;RPS9;RPSA;UBA52"
"FDR_Pass","translational elongation (GO:0006414)__GO_BP","User",64,7.81989929467409e-06,0.0499144171979047,"ABTB1;EEF1A1;EEF1B2;EEF1D;EEF1G;FAU;RPL10A;RPL11;RPL12;RPL13;RPL13A;RPL15;RPL17;RPL19;RPL21;RPL22;RPL23;RPL24;RPL26;RPL27;RPL27A;RPL3;RPL30;RPL31;RPL32;RPL35;RPL35A;RPL36;RPL39;RPL4;RPL41;RPL5;RPL6;RPL7;RPL7A;RPL9;RPLP0;RPLP1;RPLP2;RPS10;RPS11;RPS13;RPS14;RPS15A;RPS16;RPS17;RPS18;RPS2;RPS20;RPS24;RPS25;RPS27;RPS27A;RPS29;RPS3;RPS3A;RPS4X;RPS5;RPS6;RPS8;RPS9;RPSA;TCEB2;UBA52"
"FDR_Pass","establishment of protein localization to organelle (GO:0072594)__GO_BP","User",112,1.03100421545883e-05,0.065808999072737,"ADAR;CFL1;F2R;FAU;FBXO7;FYB;GCC1;HGS;HSP90AA1;KPNA1;KPNA4;KPNA6;KPNB1;LAMP1;LMNA;MAPK1;MCM3AP;MOAP1;NDUFA13;NOP58;OPTN;PEX16;PHIP;PMPCB;PPP3R1;RAB10;RAB7A;RAB8B;RAN;RERE;RPAIN;RPL10A;RPL11;RPL12;RPL13;RPL13A;RPL15;RPL17;RPL19;RPL21;RPL22;RPL23;RPL24;RPL26;RPL27;RPL27A;RPL3;RPL30;RPL31;RPL32;RPL35;RPL35A;RPL36;RPL39;RPL4;RPL41;RPL5;RPL6;RPL7;RPL7A;RPL9;RPLP0;RPLP1;RPLP2;RPN1;RPS10;RPS11;RPS13;RPS14;RPS15A;RPS16;RPS17;RPS18;RPS2;RPS20;RPS24;RPS25;RPS27;RPS27A;RPS29;RPS3;RPS3A;RPS4X;RPS5;RPS6;RPS8;RPS9;RPSA;SEC11A;SEC11C;SEC61A1;SEC61B;SEC61G;SORL1;SPCS1;SRP14;SRP54;SRP68;SRP9;SRPR;SSR1;SSR2;SSR4;STAT3;TIMM23;TOMM20;TOMM22;TOMM6;TOMM7;TRAM1;UBA52;YWHAZ"
"FDR_Pass","PostSynapticDensity_proteins__Bayes","Brain",327,1.05464218763667e-05,0.0673178108368485,"AARS;ABI1;ABR;ACLY;ACP1;ACSL4;ACTB;ACTN1;ACTN4;ACTR1A;ACTR3;ADD1;ADD3;ADRBK1;AHCYL1;AHSA1;AK3;ALDOA;ALDOC;ANXA1;ANXA11;ANXA5;ANXA7;AP1M1;AP2M1;ARCN1;ARF1;ARF3;ARFGAP2;ARHGAP1;ARHGDIA;ARHGEF2;ARPC4;ATP1A1;ATP2B4;ATP5C1;ATP5F1;ATP5H;ATP5I;ATP5J2;ATP5L;ATP5O;ATP6V0A1;ATP6V0D1;ATP6V1B2;ATP6V1E1;ATP6V1G1;ATXN10;BASP1;BAT3;BCKDK;BCR;C1QBP;CALM3;CAMK2G;CAP1;CAPN1;CAPZA2;CAPZB;CCT2;CDK5RAP3;CFL1;CHMP1A;CISD1;CLTB;CMPK1;COASY;COPA;COQ10B;CORO1A;CORO1B;COX4I1;COX5A;COX5B;COX6C;COX7A2L;CRKL;CS;CSNK1D;CSNK2A1;CTBP1;CTNNA1;CYFIP2;DAD1;DARS;DBNL;DCAKD;DCTN1;DDX1;DNAJA1;DNAJA2;DNAJB1;DNAJB2;DNAJB6;DNM2;DOCK2;DPM1;DYNC1H1;DYNC1LI2;DYNLRB1;EEF1A1;EEF1D;EEF1G;EFHD2;EFR3A;EHD1;EIF4A2;EIF4G1;ELMO2;EPB49;EXOC7;FKBP8;FLOT1;FLOT2;FTH1;FXR2;FYN;G6PD;GAK;GDI1;GLG1;GLOD4;GLUD1;GNA13;GNAI2;GNAS;GNB1;GPI;GPX1;GSK3B;GSTO1;GUK1;HADHB;HARS2;HGS;HIGD1A;HK1;HNRNPK;HSP90AA1;HSP90AB1;HSPA1A;HSPB1;IQGAP1;IQSEC1;KBTBD11;KIAA0174;KIAA0513;KIAA0528;KPNA1;KPNB1;LASP1;LCP1;LDHA;LDHB;LRSAM1;LYN;MAP1LC3A;MAP2K2;MAP7D1;MAPK1;MAPK3;MAPK8IP3;MAPRE2;MARCKSL1;MARS;MDH1;MSN;MTDH;MVP;MYH9;MYL6;MYO1F;NAP1L4;NCKAP1L;NDRG1;NDUFA12;NDUFA13;NDUFA2;NDUFA4;NDUFB7;NDUFB8;NDUFS3;NDUFS7;NDUFV2;NME1;OGT;PABPC4;PACSIN2;PAK1;PARK7;PCBP1;PCBP2;PCMT1;PDXK;PEA15;PFN1;PGK1;PHB2;PKM2;PLD3;PLEKHA1;PNPLA6;PPP1CA;PPP1CB;PPP1CC;PPP2R1A;PPP3CB;PRDX1;PRDX6;PSMB6;PTK2B;PTPLAD1;PURB;RAB10;RAB35;RAB5B;RAB5C;RAB7A;RAB8B;RAC1;RALA;RANGAP1;RARS;RBX1;REEP5;REPS2;RHOA;RHOB;RHOG;RHOT1;RHOT2;RIC8A;ROCK2;RPL10A;RPL12;RPL13;RPL13A;RPL24;RPL3;RPL30;RPL35;RPL36;RPL4;RPL6;RPL7;RPL7A;RPL9;RPLP0;RPN1;RPS11;RPS13;RPS14;RPS15A;RPS16;RPS17;RPS18;RPS25;RPS27;RPS3;RPS3A;RPS5;RPS8;RRBP1;RTN3;SACM1L;SARS;SBF1;SEC24C;SEC31A;SEPT2;SEPT5;SEPT9;SH3GLB2;SKIV2L;SND1;SNX2;SNX27;SNX3;SNX6;SRPR;SSBP1;STIP1;STOM;STRAP;STUB1;SUCLG1;TAGLN2;TALDO1;TBCD;TCP1;TLN1;TMEM85;TOMM20;TPM3;TPP1;TTC37;TUBA1A;TUBA1B;TUBA4A;TUBB2C;UBA1;UBC;UBE2M;UBE2N;UBE4A;UBL4A;UBR4;UBXN6;UGP2;UQCRC2;UQCRFS1;USO1;USP5;VAMP2;VCL;VDAC3;VIM;VPS16;VPS29;VPS8;WASF2;WDR1;XPO1;XPO7;YWHAB;YWHAH;YWHAZ"
"FDR_Pass","nuclear-transcribed mRNA catabolic process, nonsense-mediated decay (GO:0000184)__GO_BP","User",71,1.15345234327844e-05,0.0736248630714629,"CASC3;DCP2;EIF3E;EIF4A3;EIF4G1;EXOSC10;FAU;NCBP2;PNRC2;PPP2CA;PPP2R1A;RPL10A;RPL11;RPL12;RPL13;RPL13A;RPL15;RPL17;RPL19;RPL21;RPL22;RPL23;RPL24;RPL26;RPL27;RPL27A;RPL3;RPL30;RPL31;RPL32;RPL35;RPL35A;RPL36;RPL39;RPL4;RPL41;RPL5;RPL6;RPL7;RPL7A;RPL9;RPLP0;RPLP1;RPLP2;RPS10;RPS11;RPS13;RPS14;RPS15A;RPS16;RPS17;RPS18;RPS2;RPS20;RPS24;RPS25;RPS27;RPS27A;RPS29;RPS3;RPS3A;RPS4X;RPS5;RPS6;RPS8;RPS9;RPSA;SMG1;SMG5;SMG7;UBA52"
"FDR_Pass","protein localization to membrane (GO:0072657)__GO_BP","User",102,1.44018445897205e-05,0.0919269740161858,"ARL6IP1;ATG3;ATP1B3;CD24;FAU;FLOT1;GOLGA7;HGS;HSP90AA1;ITGAL;ITGB1BP1;ITGB2;MYADM;NCF1;NDUFA13;OPTN;OSBPL8;PAK1;PEX16;RAB10;RAB8A;RAB8B;RAC1;RPL10A;RPL11;RPL12;RPL13;RPL13A;RPL15;RPL17;RPL19;RPL21;RPL22;RPL23;RPL24;RPL26;RPL27;RPL27A;RPL3;RPL30;RPL31;RPL32;RPL35;RPL35A;RPL36;RPL39;RPL4;RPL41;RPL5;RPL6;RPL7;RPL7A;RPL9;RPLP0;RPLP1;RPLP2;RPN1;RPS10;RPS11;RPS13;RPS14;RPS15A;RPS16;RPS17;RPS18;RPS2;RPS20;RPS24;RPS25;RPS27;RPS27A;RPS29;RPS3;RPS3A;RPS4X;RPS5;RPS6;RPS8;RPS9;RPSA;SEC11A;SEC11C;SEC61A1;SEC61B;SEC61G;SPCS1;SRP14;SRP54;SRP68;SRP9;SRPR;SSR1;SSR2;SSR4;TESC;TMED2;TOMM22;TRAM1;UBA52;VAMP2;VAMP5;VAMP7"
"FDR_Pass","Ribosome_Homo sapiens_hsa03010__KEGG_2016","User",66,1.64820871775178e-05,0.105205162454096,"FAU;MRPL18;MRPL21;MRPL23;MRPL24;MRPL3;MRPL33;MRPS21;RPL10A;RPL11;RPL12;RPL13;RPL13A;RPL15;RPL17;RPL19;RPL21;RPL22;RPL23;RPL24;RPL26;RPL27;RPL27A;RPL3;RPL30;RPL31;RPL32;RPL35;RPL35A;RPL36;RPL36AL;RPL39;RPL4;RPL41;RPL5;RPL6;RPL7;RPL7A;RPL9;RPLP0;RPLP1;RPLP2;RPS10;RPS11;RPS13;RPS14;RPS15A;RPS16;RPS17;RPS18;RPS2;RPS20;RPS24;RPS25;RPS27;RPS27A;RPS29;RPS3;RPS3A;RPS4X;RPS5;RPS6;RPS8;RPS9;RPSA;UBA52"
"FDR_Pass","single-organism cellular localization (GO:1902580)__GO_BP","User",146,2.35056903725292e-05,0.150036821647854,"ACTR3;ADAR;ARL6IP1;ATG3;ATP1B3;CD24;CFL1;DCTN1;DOCK2;F2R;FAU;FBXO7;FLOT1;FYB;GCC1;GOLGA7;HGS;HSP90AA1;ITGAL;ITGB1BP1;ITGB2;KPNA1;KPNA4;KPNA6;KPNB1;LAT;LAT2;LMNA;MAL;MAP1S;MAPK1;MCM3AP;MYADM;NCF1;NDE1;NDEL1;NDUFA13;NOP58;OPTN;OSBPL8;PAK1;PEX16;PHIP;PIK3CD;PIK3CG;PMPCB;PPP3R1;RAB10;RAB7A;RAB8A;RAB8B;RAC1;RAN;RASGRP1;RERE;RHOT1;RHOT2;RPAIN;RPL10A;RPL11;RPL12;RPL13;RPL13A;RPL15;RPL17;RPL19;RPL21;RPL22;RPL23;RPL24;RPL26;RPL27;RPL27A;RPL3;RPL30;RPL31;RPL32;RPL35;RPL35A;RPL36;RPL39;RPL4;RPL41;RPL5;RPL6;RPL7;RPL7A;RPL9;RPLP0;RPLP1;RPLP2;RPN1;RPS10;RPS11;RPS13;RPS14;RPS15A;RPS16;RPS17;RPS18;RPS2;RPS20;RPS24;RPS25;RPS27;RPS27A;RPS29;RPS3;RPS3A;RPS4X;RPS5;RPS6;RPS8;RPS9;RPSA;SEC11A;SEC11C;SEC61A1;SEC61B;SEC61G;SNX3;SORL1;SPCS1;SRP14;SRP54;SRP68;SRP9;SRPR;SSR1;SSR2;SSR4;STAT3;TESC;TIMM23;TMED2;TOMM20;TOMM22;TOMM6;TOMM7;TRAM1;UBA52;UXT;VAMP2;VAMP5;VAMP7;YWHAZ"
"FDR_Pass","yellow_M18__CTX","Brain",150,4.2369580856518e-05,0.270445034607154,"ABI1;ABR;ACLY;ACSL4;ACTR3;ADRM1;ADSS;AKT1;ARL8B;ARPC4;ATP5F1;ATP5J;ATP5L;B4GALT5;BEXL1;BNIP3L;BRD2;BUB3;C1QBP;CCPG1;CD47;CHD8;CHMP5;CLCN7;CLK3;CNIH;CNOT1;CNOT8;COPS5;CREB1;CREBBP;CREG1;CROP;DDX18;DEGS1;DENR;DERL1;DNAJA2;DNAJB6;DPM1;EBNA1BP2;EIF2AK1;EIF4G1;ETFA;EXOC7;FBXO11;FKBP8;FXR2;GTPBP4;H2AFZ;HDAC2;HIGD1A;HINT1;HMGN4;HNRPH3;HSP90AA1;IKBKG;ILF3;IMPDH1;ITPK1;KIAA0528;KPNA1;KPNA6;KPNB1;LDHB;LPIN2;LSM5;LZTR1;MAP2K1IP1;MAPK8IP3;MATR3;NAP1L1;NCBP2;NCK1;NCLN;NCOR2;NRD1;OSBPL8;PAPOLA;PCMT1;PCNA;PCNP;PHC2;PITPNM1;PLEKHM2;POLR2H;PPP1CB;PSMC2;PTBP1;PTGES3;RAN;RANBP3;RBM25;RDH14;REEP5;RIOK3;RNF14;RNGTT;RPL6;SACM1L;SAFB;SCAP;SDF4;SDHD;SEC61G;SEMA6B;SET;SH3BGRL;SKP1A;SLTM;SMAD4;SMARCC2;SMNDC1;SNAPC2;SNX2;SPOP;SQSTM1;SSBP1;SSBP2;SSR1;TANK;TAX1BP1;TCEB1;TCP1;TGOLN2;THOC7;THUMPD1;TM2D1;TMCO1;TMED2;TMEM109;TMEM43;TNK2;TOM1;TOMM20;TRIM33;TXN;UBAP2L;UBE2J1;UBE2L3;UBL3;UBQLN2;UQCRC2;VPS26A;WDR13;WDR6;YWHAB;YWHAZ;ZC3H3;ZYX"
"FDR_Pass","actin binding (GO:0003779)__GO_MF","User",65,4.58416521437658e-05,0.292607265633657,"ACTN1;ACTN4;ACTR3;ADD1;ADD3;AIF1;ALDOA;ARPC1B;ARPC4;CAP1;CAPZA2;CAPZB;CFL1;CNN2;CORO1A;CORO1B;CORO7;CTNNA1;CXCR4;DBNL;DIAPH1;EMD;FRG1;FXYD5;GMFB;GMFG;HCLS1;HDAC6;INPPL1;ITGB1;KLHL5;LASP1;LCP1;LSP1;MAP1S;MARCKSL1;MED28;MICAL1;MSN;MYH9;MYO1F;MYO9B;PARVG;PFN1;PSTPIP1;RCSD1;RUSC1;SSH2;SVIL;TLN1;TMSB10;TMSB4X;TNS1;TPM3;TRIOBP;TWF2;UXT;VASP;VCL;VPS16;WAS;WASF2;WDR1;WIPF1;YWHAH"
"FDR_Pass","macromolecular complex disassembly (GO:0032984)__GO_BP","User",70,5.8447487321256e-05,0.373070311571577,"CFL1;DENR;FAU;GAK;HDAC6;MICAL1;NFE2;RPL10A;RPL11;RPL12;RPL13;RPL13A;RPL15;RPL17;RPL19;RPL21;RPL22;RPL23;RPL24;RPL26;RPL27;RPL27A;RPL3;RPL30;RPL31;RPL32;RPL35;RPL35A;RPL36;RPL39;RPL4;RPL41;RPL5;RPL6;RPL7;RPL7A;RPL9;RPLP0;RPLP1;RPLP2;RPS10;RPS11;RPS13;RPS14;RPS15A;RPS16;RPS17;RPS18;RPS2;RPS20;RPS24;RPS25;RPS27;RPS27A;RPS29;RPS3;RPS3A;RPS4X;RPS5;RPS6;RPS8;RPS9;RPSA;SET;SMARCA4;SMARCC1;SMARCC2;SMARCD1;TFIP11;UBA52"
"FDR_Pass","establishment of protein localization to membrane (GO:0090150)__GO_BP","User",97,5.95664574800136e-05,0.380212698094927,"ARL6IP1;ATG3;CD24;FAU;FLOT1;FLOT2;GOLGA7;HSP90AA1;MOAP1;MYADM;NCF1;NDUFA13;OPTN;PEX16;RAB10;RAB8B;RPL10A;RPL11;RPL12;RPL13;RPL13A;RPL15;RPL17;RPL19;RPL21;RPL22;RPL23;RPL24;RPL26;RPL27;RPL27A;RPL3;RPL30;RPL31;RPL32;RPL35;RPL35A;RPL36;RPL39;RPL4;RPL41;RPL5;RPL6;RPL7;RPL7A;RPL9;RPLP0;RPLP1;RPLP2;RPN1;RPS10;RPS11;RPS13;RPS14;RPS15A;RPS16;RPS17;RPS18;RPS2;RPS20;RPS24;RPS25;RPS27;RPS27A;RPS29;RPS3;RPS3A;RPS4X;RPS5;RPS6;RPS8;RPS9;RPSA;SEC11A;SEC11C;SEC61A1;SEC61B;SEC61G;SPCS1;SRP14;SRP54;SRP68;SRP9;SRPR;SSR1;SSR2;SSR4;TESC;TMED2;TOMM22;TRAM1;TSPAN33;UBA52;UBL4A;VAMP2;VAMP5;VAMP7"
"FDR_Pass","structural constituent of ribosome (GO:0003735)__GO_MF","User",68,6.05231540830148e-05,0.386319292511884,"FAU;MRPL18;MRPL21;MRPL23;MRPL24;MRPL3;MRPL33;MRPL43;MRPL51;MRPS21;MRPS24;RPL10A;RPL11;RPL12;RPL13;RPL13A;RPL15;RPL17;RPL19;RPL21;RPL22;RPL23;RPL24;RPL26;RPL27;RPL27A;RPL3;RPL30;RPL31;RPL32;RPL35;RPL35A;RPL36;RPL36AL;RPL39;RPL4;RPL41;RPL5;RPL6;RPL7;RPL7A;RPL9;RPLP0;RPLP1;RPLP2;RPS11;RPS13;RPS14;RPS15A;RPS16;RPS17;RPS18;RPS2;RPS20;RPS24;RPS25;RPS27;RPS27A;RPS29;RPS3;RPS3A;RPS4X;RPS5;RPS6;RPS8;RPS9;RPSA;UBA52"
"FDR_Pass","translational termination (GO:0006415)__GO_BP","User",58,6.71653174790173e-05,0.428716221468568,"FAU;RPL10A;RPL11;RPL12;RPL13;RPL13A;RPL15;RPL17;RPL19;RPL21;RPL22;RPL23;RPL24;RPL26;RPL27;RPL27A;RPL3;RPL30;RPL31;RPL32;RPL35;RPL35A;RPL36;RPL39;RPL4;RPL41;RPL5;RPL6;RPL7;RPL7A;RPL9;RPLP0;RPLP1;RPLP2;RPS10;RPS11;RPS13;RPS14;RPS15A;RPS16;RPS17;RPS18;RPS2;RPS20;RPS24;RPS25;RPS27;RPS27A;RPS29;RPS3;RPS3A;RPS4X;RPS5;RPS6;RPS8;RPS9;RPSA;UBA52"
"FDR_Pass","cellular protein complex disassembly (GO:0043624)__GO_BP","User",61,9.16299742119618e-05,0.584874125394952,"CFL1;FAU;GAK;MICAL1;RPL10A;RPL11;RPL12;RPL13;RPL13A;RPL15;RPL17;RPL19;RPL21;RPL22;RPL23;RPL24;RPL26;RPL27;RPL27A;RPL3;RPL30;RPL31;RPL32;RPL35;RPL35A;RPL36;RPL39;RPL4;RPL41;RPL5;RPL6;RPL7;RPL7A;RPL9;RPLP0;RPLP1;RPLP2;RPS10;RPS11;RPS13;RPS14;RPS15A;RPS16;RPS17;RPS18;RPS2;RPS20;RPS24;RPS25;RPS27;RPS27A;RPS29;RPS3;RPS3A;RPS4X;RPS5;RPS6;RPS8;RPS9;RPSA;UBA52"
"FDR_Pass","protein localization to organelle (GO:0033365)__GO_BP","User",122,9.97750772691575e-05,0.636864318209033,"ABCA7;ADAR;BANP;BCAP31;CFL1;DIAPH1;DNAJA1;F2R;FAU;FBXO7;FYB;GCC1;GSK3B;HGS;HSP90AA1;KPNA1;KPNA4;KPNA6;KPNB1;LMNA;MAPK1;MCM3AP;NDUFA13;NOP58;OPTN;OSBPL8;PACSIN2;PEX16;PHIP;PLRG1;PMPCB;PPP3R1;RAB35;RAB7A;RAB8B;RAN;RERE;RPAIN;RPL10A;RPL11;RPL12;RPL13;RPL13A;RPL15;RPL17;RPL19;RPL21;RPL22;RPL23;RPL24;RPL26;RPL27;RPL27A;RPL3;RPL30;RPL31;RPL32;RPL35;RPL35A;RPL36;RPL39;RPL4;RPL41;RPL5;RPL6;RPL7;RPL7A;RPL9;RPLP0;RPLP1;RPLP2;RPN1;RPS10;RPS11;RPS13;RPS14;RPS15A;RPS16;RPS17;RPS18;RPS2;RPS20;RPS24;RPS25;RPS27;RPS27A;RPS29;RPS3;RPS3A;RPS4X;RPS5;RPS6;RPS8;RPS9;RPSA;SEC11A;SEC11C;SEC61A1;SEC61B;SEC61G;SORL1;SPCS1;SRP14;SRP54;SRP68;SRP9;SRPR;SSR1;SSR2;SSR4;STAT3;SUMO3;TIMM23;TINF2;TOMM20;TOMM22;TOMM6;TOMM7;TRAM1;UBA52;XPO1;YWHAZ"
"FDR_Pass","protein complex disassembly (GO:0043241)__GO_BP","User",68,0.000110433996862906,0.704900201975928,"CFL1;FAU;GAK;HDAC6;MICAL1;NFE2;RPL10A;RPL11;RPL12;RPL13;RPL13A;RPL15;RPL17;RPL19;RPL21;RPL22;RPL23;RPL24;RPL26;RPL27;RPL27A;RPL3;RPL30;RPL31;RPL32;RPL35;RPL35A;RPL36;RPL39;RPL4;RPL41;RPL5;RPL6;RPL7;RPL7A;RPL9;RPLP0;RPLP1;RPLP2;RPS10;RPS11;RPS13;RPS14;RPS15A;RPS16;RPS17;RPS18;RPS2;RPS20;RPS24;RPS25;RPS27;RPS27A;RPS29;RPS3;RPS3A;RPS4X;RPS5;RPS6;RPS8;RPS9;RPSA;SET;SMARCA4;SMARCC1;SMARCC2;SMARCD1;UBA52"
"FDR_Pass","viral life cycle (GO:0019058)__GO_BP","User",68,0.000110433996862906,0.704900201975928,"CHMP2A;CHMP5;FAU;KPNA1;KPNB1;RAN;RPL10A;RPL11;RPL12;RPL13;RPL13A;RPL15;RPL17;RPL19;RPL21;RPL22;RPL23;RPL24;RPL26;RPL27;RPL27A;RPL3;RPL30;RPL31;RPL32;RPL35;RPL35A;RPL36;RPL39;RPL4;RPL41;RPL5;RPL6;RPL7;RPL7A;RPL9;RPLP0;RPLP1;RPLP2;RPS10;RPS11;RPS13;RPS14;RPS15A;RPS16;RPS17;RPS18;RPS2;RPS20;RPS24;RPS25;RPS27;RPS27A;RPS29;RPS3;RPS3A;RPS4X;RPS5;RPS6;RPS8;RPS9;RPSA;UBA52;UBC;VPS28;VPS37B;VPS37C;XPO1"
"FDR_Pass","RNA catabolic process (GO:0006401)__GO_BP","User",93,0.000111011011044781,0.708583283498835,"CASC3;CNOT1;CNOT8;DCP2;DEDD2;DHX34;DNA2;EDC4;EIF3E;EIF4A2;EIF4A3;EIF4G1;EXOSC1;EXOSC10;EXOSC3;FAU;HNRNPD;HSPA1A;LSM1;LSM5;NCBP2;PABPC4;PAPD4;PATL1;PNPT1;PNRC2;PPP2CA;PPP2R1A;RNASE2;RNASEH2B;RNASET2;RPL10A;RPL11;RPL12;RPL13;RPL13A;RPL15;RPL17;RPL19;RPL21;RPL22;RPL23;RPL24;RPL26;RPL27;RPL27A;RPL3;RPL30;RPL31;RPL32;RPL35;RPL35A;RPL36;RPL39;RPL4;RPL41;RPL5;RPL6;RPL7;RPL7A;RPL9;RPLP0;RPLP1;RPLP2;RPS10;RPS11;RPS13;RPS14;RPS15A;RPS16;RPS17;RPS18;RPS2;RPS20;RPS24;RPS25;RPS27;RPS27A;RPS29;RPS3;RPS3A;RPS4X;RPS5;RPS6;RPS8;RPS9;RPSA;SMG1;SMG5;SMG7;UBA52;XRN1;ZFP36"
"FDR_Pass","salmon_M12_Ribosome__HumanMeta","Brain",56,0.000133619872209093,0.852895644310641,"CNBP;EEF1A1;EIF3E;FAU;FBL;NAP1L1;PFDN5;RPL10A;RPL11;RPL12;RPL13;RPL13A;RPL17;RPL19;RPL22;RPL23;RPL24;RPL27;RPL3;RPL30;RPL35;RPL35A;RPL36;RPL36AL;RPL39;RPL4;RPL41;RPL5;RPL6;RPL7;RPL7A;RPL9;RPLP0;RPLP1;RPLP2;RPS10;RPS11;RPS13;RPS14;RPS15A;RPS16;RPS17;RPS2;RPS20;RPS24;RPS25;RPS27;RPS29;RPS3;RPS3A;RPS6;RPS8;RPS9;SNRPG;SSR2;UBA52"
"FDR_Pass","mRNA catabolic process (GO:0006402)__GO_BP","User",86,0.000181974647916539,1,"CASC3;CNOT1;CNOT8;DCP2;DHX34;EDC4;EIF3E;EIF4A2;EIF4A3;EIF4G1;EXOSC1;EXOSC10;EXOSC3;FAU;HSPA1A;LSM1;LSM5;NCBP2;PAPD4;PATL1;PNPT1;PNRC2;PPP2CA;PPP2R1A;RPL10A;RPL11;RPL12;RPL13;RPL13A;RPL15;RPL17;RPL19;RPL21;RPL22;RPL23;RPL24;RPL26;RPL27;RPL27A;RPL3;RPL30;RPL31;RPL32;RPL35;RPL35A;RPL36;RPL39;RPL4;RPL41;RPL5;RPL6;RPL7;RPL7A;RPL9;RPLP0;RPLP1;RPLP2;RPS10;RPS11;RPS13;RPS14;RPS15A;RPS16;RPS17;RPS18;RPS2;RPS20;RPS24;RPS25;RPS27;RPS27A;RPS29;RPS3;RPS3A;RPS4X;RPS5;RPS6;RPS8;RPS9;RPSA;SMG1;SMG5;SMG7;UBA52;XRN1;ZFP36"
"FDR_Pass","Ras protein signal transduction (GO:0007265)__GO_BP","User",43,0.000184539597428384,1,"AIF1;ARHGAP1;ARHGAP4;ARHGDIA;ARHGDIB;CDKN1A;CFL1;CRKL;DBNL;ELMO1;G3BP2;GDI1;GNA13;GNB1;GPR56;GRB2;LAT;MAP2K2;MAPK1;MAPK3;MAPKAPK2;MAPKAPK3;MYO9B;NISCH;PARK7;PTPLAD1;RAF1;RALA;RALGDS;RAPGEF1;RAPGEF6;RASGRP1;RASGRP2;RFXANK;RHOA;RHOB;RHOG;ROPN1B;RRAS;SHC1;TAX1BP3;ULK1;YWHAB"
"FDR_Pass","gene expression (GO:0010467)__GO_BP","User",194,0.00019531585712122,1,"AARS;ADAR;AKT1;CASC3;CDC40;CLNS1A;CNOT1;CNOT8;CREBBP;DARS;DCP2;DDX23;EDC4;EEF1A1;EEF1B2;EEF1D;EEF1G;EFTUD2;EIF3B;EIF3E;EIF3H;EIF3K;EIF4A2;EIF4A3;EIF4G1;EIF4H;EXOSC1;EXOSC3;FAU;GTF2A2;GTF2E2;GTF3A;HARS2;HDAC1;HNRNPA0;HNRNPA2B1;HNRNPD;HNRNPK;HSPA1A;HSPB1;IGF2BP2;KAT2B;LAT;LSM1;LSM5;MAPK3;MAPKAPK2;MARS;MED1;MED25;NARS;NCBP2;NCOR2;NOTCH1;NXF1;PAPOLA;PATL1;PCBP1;PCBP2;POLR2A;POLR2H;POLR3GL;PPA1;PPA2;PPP2CA;PPP2R1A;PRKCD;PRPF8;PSMA1;PSMA3;PSMA4;PSMA5;PSMA6;PSMB1;PSMB4;PSMB6;PSMB7;PSMB9;PSMC2;PSMD12;PSMD6;PSME3;PTBP1;RAN;RARA;RARS;RNGTT;RPL10A;RPL11;RPL12;RPL13;RPL13A;RPL15;RPL17;RPL19;RPL21;RPL22;RPL23;RPL24;RPL26;RPL27;RPL27A;RPL3;RPL30;RPL31;RPL32;RPL35;RPL35A;RPL36;RPL39;RPL4;RPL41;RPL5;RPL6;RPL7;RPL7A;RPL9;RPLP0;RPLP1;RPLP2;RPN1;RPS10;RPS11;RPS13;RPS14;RPS15A;RPS16;RPS17;RPS18;RPS2;RPS20;RPS24;RPS25;RPS27;RPS27A;RPS29;RPS3;RPS3A;RPS4X;RPS5;RPS6;RPS8;RPS9;RPSA;RXRA;RXRB;SARS;SEC11A;SEC11C;SEC61B;SEC61G;SET;SF3A2;SF3B1;SF3B2;SF3B4;SF3B5;SMAD4;SMG1;SMG5;SMG7;SNAPC2;SNRNP70;SNRPB;SNRPB2;SNRPD2;SNRPF;SNRPG;SNW1;SPCS1;SRP14;SRP54;SRP68;SRP9;SRPR;SSR1;SSR2;SSR4;TCEB1;TCEB2;TNRC6B;TRAM1;TRIM33;U2AF2;UBA52;UBC;UBE2D3;WARS;XPO1;XRN1;YBX1;YWHAB;YWHAZ;ZFP36"
"FDR_Pass","protein targeting (GO:0006605)__GO_BP","User",97,0.000233252295044564,1,"ARL6IP1;ATG3;CDC37;FAU;FBXO7;GCC1;HGS;MYADM;NCF1;OPTN;PEX16;PMPCB;RAB7A;RAB8B;RPL10A;RPL11;RPL12;RPL13;RPL13A;RPL15;RPL17;RPL19;RPL21;RPL22;RPL23;RPL24;RPL26;RPL27;RPL27A;RPL3;RPL30;RPL31;RPL32;RPL35;RPL35A;RPL36;RPL39;RPL4;RPL41;RPL5;RPL6;RPL7;RPL7A;RPL9;RPLP0;RPLP1;RPLP2;RPN1;RPS10;RPS11;RPS13;RPS14;RPS15A;RPS16;RPS17;RPS18;RPS2;RPS20;RPS24;RPS25;RPS27;RPS27A;RPS29;RPS3;RPS3A;RPS4X;RPS5;RPS6;RPS8;RPS9;RPSA;SEC11A;SEC11C;SEC61A1;SEC61B;SEC61G;SORL1;SPCS1;SRP14;SRP54;SRP68;SRP9;SRPR;SSR1;SSR2;SSR4;TESC;TIMM23;TMED2;TOMM20;TOMM22;TOMM6;TOMM7;TRAM1;UBA52;YWHAB;YWHAZ"
"FDR_Pass","nuclear-transcribed mRNA catabolic process (GO:0000956)__GO_BP","User",84,0.000312852934589782,1,"CASC3;CNOT1;CNOT8;DCP2;DHX34;EDC4;EIF3E;EIF4A2;EIF4A3;EIF4G1;EXOSC1;EXOSC10;EXOSC3;FAU;LSM1;LSM5;NCBP2;PAPD4;PATL1;PNRC2;PPP2CA;PPP2R1A;RPL10A;RPL11;RPL12;RPL13;RPL13A;RPL15;RPL17;RPL19;RPL21;RPL22;RPL23;RPL24;RPL26;RPL27;RPL27A;RPL3;RPL30;RPL31;RPL32;RPL35;RPL35A;RPL36;RPL39;RPL4;RPL41;RPL5;RPL6;RPL7;RPL7A;RPL9;RPLP0;RPLP1;RPLP2;RPS10;RPS11;RPS13;RPS14;RPS15A;RPS16;RPS17;RPS18;RPS2;RPS20;RPS24;RPS25;RPS27;RPS27A;RPS29;RPS3;RPS3A;RPS4X;RPS5;RPS6;RPS8;RPS9;RPSA;SMG1;SMG5;SMG7;UBA52;XRN1;ZFP36"
"FDR_Pass","cellular component disassembly (GO:0022411)__GO_BP","User",94,0.000326538105498698,1,"ACIN1;ADD1;BCAP31;BIRC2;CAPN1;CAPNS1;CFL1;COL8A2;CTSB;CTSD;DBNL;DEDD2;DENR;EMD;FAU;FLOT1;FNTA;GAK;HDAC6;KPNA1;KPNB1;LMNA;MICAL1;MST4;NDEL1;NFE2;NUP88;PRKCD;RPL10A;RPL11;RPL12;RPL13;RPL13A;RPL15;RPL17;RPL19;RPL21;RPL22;RPL23;RPL24;RPL26;RPL27;RPL27A;RPL3;RPL30;RPL31;RPL32;RPL35;RPL35A;RPL36;RPL39;RPL4;RPL41;RPL5;RPL6;RPL7;RPL7A;RPL9;RPLP0;RPLP1;RPLP2;RPS10;RPS11;RPS13;RPS14;RPS15A;RPS16;RPS17;RPS18;RPS2;RPS20;RPS24;RPS25;RPS27;RPS27A;RPS29;RPS3;RPS3A;RPS4X;RPS5;RPS6;RPS8;RPS9;RPSA;SET;SMARCA4;SMARCC1;SMARCC2;SMARCD1;STK24;TFIP11;TIMP1;UBA52;VIM"
"FDR_Pass","small GTPase mediated signal transduction (GO:0007264)__GO_BP","User",87,0.000348833024293955,1,"ABR;AIF1;AKAP13;ARAP1;ARAP3;ARF1;ARF3;ARF4;ARHGAP1;ARHGAP17;ARHGAP25;ARHGAP30;ARHGAP4;ARHGAP9;ARHGDIA;ARHGDIB;ARHGEF18;ARHGEF2;ARL5A;ARL8B;BCR;CDKN1A;CFL1;CRKL;DBNL;DOCK2;ELMO1;FAM13B;FGD3;G3BP2;GDI1;GMIP;GNA13;GNB1;GPR56;GRB2;HMHA1;IQGAP1;LAT;MAP2K2;MAPK1;MAPK3;MAPKAPK2;MAPKAPK3;MYO9B;NISCH;PARK7;PTPLAD1;RAB10;RAB35;RAB37;RAB40C;RAB5B;RAB5C;RAB7A;RAB8A;RAB8B;RAB9A;RAC1;RAC2;RAF1;RALA;RALBP1;RALGDS;RAN;RAPGEF1;RAPGEF6;RASGRP1;RASGRP2;RFXANK;RHEB;RHOA;RHOB;RHOC;RHOG;RHOT1;RHOT2;ROPN1B;RRAS;SH2D3C;SHC1;TAGAP;TAX1BP3;TMEM91;TNK2;ULK1;YWHAB"
"FDR_Pass","actin filament-based process (GO:0030029)__GO_BP","User",53,0.00116815651710374,1,"ABR;ADD1;ARHGDIB;ARHGEF18;BCR;CAP1;CAPZA2;CAPZB;CFL1;CFLAR;CNN2;CORO1A;CORO1B;CORO7;DOCK2;ELMO1;FGD3;GPR65;IQSEC1;ITGB1;LPIN1;MYH9;MYL6;MYO9B;NCKAP1L;NISCH;NUAK2;PACSIN2;PAK1;PARVG;PDLIM7;PFN1;RAC1;RAC2;RALA;RAN;RHOA;RHOG;ROCK2;SHC1;SLC9A3R1;SRF;SSH2;TLN1;TMSB10;TMSB4X;TPM3;TRIOBP;VASP;VIM;WAS;WASF2;WIPF1"
"FDR_Pass","turquoise_downAD_intracellularTransport_cytoskeleton__Blalock_AD","Brain",100,0.00119662842085804,1,"ABI1;ABR;ALDOA;APBA3;ARF1;ARF4;ARHGDIA;ARL6IP5;ARPC4;AZIN1;BCL2;BCR;BHLHB2;CAPZA2;CCPG1;CCT2;CD24;CDC37;CLPTM1;COX17;CREB1;CUTL1;DARS;DDX18;DHPS;DRAP1;EBAG9;EIF2C2;ELF4;ELMO2;FAM38A;FAM53B;FBXL5;FKBP1A;G3BP2;GHITM;GLRX;GNB1;GNS;GPS1;HMGN4;LRCH4;LSM5;LTBR;MAP3K7;MAT2B;MATR3;MBNL1;MRFAP1L1;NCBP2;NDUFA13;NDUFB7;NFYC;NME1;OAZ1;OGT;PDCD6;PEA15;PECAM1;PGK1;PIAS4;PKM2;PPCS;PPP1CA;PPP2R1A;PRDX3;PRNP;PSD4;PSENEN;PSMB1;RAN;RBM25;RERE;RIOK3;RNASET2;RNF14;RUNX3;SCAMP1;SDHD;SFRS10;SH3BGRL;SKP1A;SLC25A37;SNX2;SNX3;SUMO2;TCP1;TGOLN2;TIMM23;TMED2;TYK2;UBE1;UBE2L3;UNC50;WBP2;WDR1;XPNPEP1;XPO7;YIPF3;ZMYND11"
"FDR_Pass","platelet activation (GO:0030168)__GO_BP","User",51,0.00123553132262361,1,"ACTN1;ACTN4;ADRA2C;AKT1;ALDOA;APBB1IP;BRPF3;CAP1;CD36;CFL1;CSK;DGKD;F13A1;F2R;FYN;GNA13;GNAI2;GNB1;GP9;GRB2;LAMP2;LAT;LYN;MAPK1;MAPK3;PECAM1;PFN1;PIK3CG;PLCG2;PRKCD;PSAP;RAC1;RAC2;RAF1;RASGRP1;RASGRP2;RHOA;RHOB;RHOG;SERPINA1;SHC1;SOD1;SRF;SYK;TIMP1;TLN1;TMSB4X;TUBA4A;VCL;WDR1;YWHAZ"
"FDR_Pass","pink_M14_GlutamatergicSynapticFunction__CTX","Brain",25,0.00131969644130183,1,"ABR;ADD1;ADRBK1;ANXA11;ARHGDIA;ARPC4;ATP6V0A1;ATXN10;CAPZB;CLPTM1;CSNK1D;EXOC7;MAPK8IP3;N-PAC;NUCB1;PHIP;PTK2B;RANGAP1;SAFB2;SH3GLB2;SNX27;SPOCK2;UBAP2L;UBE2I;WDR1"
"FDR_Pass","brown_downAD_mitochondrion__Blalock_AD","Brain",85,0.00132585146109799,1,"ACP1;ACSL4;ACTR10;ACTR1A;ACTR3;ALDOA;ANXA7;AP2M1;ATP1A1;ATP5C1;ATP5F1;ATP5H;ATP5J;ATP5L;ATP5O;ATP6AP1;ATP6V0B;ATP6V0D1;ATP6V1B2;ATP6V1E1;ATXN10;BCLAF1;BEXL1;C1QBP;CAB39;CHCHD2;CHMP5;CHP;COX6C;DDX1;DNAJA2;FIBP;FKBP1A;G3BP2;GABARAPL1;GHITM;GTPBP4;HIGD1A;HINT1;IDH3B;IDH3G;IDS;MATR3;MDH1;MRPL3;NDRG3;NDUFA4;NDUFAB1;NDUFB5;NDUFV2;NECAP1;NIF3L1;PCMT1;PGK1;PJA2;PLEKHB2;PPP1CB;PPP3R1;PSMA1;PSMA3;PSMB4;RANBP1;SCAMP1;SDHB;SFRS2;SNRPF;SPG7;SSBP1;STK24;TCEB1;TIMM23;TM2D1;TM2D3;TOMM20;TXN;UBE2N;UGP2;UQCRC2;UQCRFS1;UQCRH;VDAC3;YWHAB;YWHAH;YWHAZ;ZNHIT3"
"FDR_Pass","regulation of small GTPase mediated signal transduction (GO:0051056)__GO_BP","User",52,0.00157494252185059,1,"ABR;AKAP13;ARAP1;ARAP3;ARHGAP1;ARHGAP17;ARHGAP25;ARHGAP30;ARHGAP4;ARHGAP9;ARHGDIA;ARHGDIB;ARHGEF18;ARHGEF2;BCR;BNIP2;CYTH4;DENND4B;F2R;FAM13B;FBP1;FGD3;FLOT1;GDI1;GMIP;GPR56;HMHA1;IQSEC1;ITPKB;LPAR2;MYO9B;OGT;PSD4;RAC1;RAC2;RAF1;RALBP1;RALGDS;RAPGEF1;RAPGEF6;RASAL3;RASGRP2;RHOA;RHOB;RHOC;RHOG;RHOT1;RHOT2;SIPA1;SIPA1L3;SQSTM1;TAGAP"
"FDR_Pass","inositol lipid-mediated signaling (GO:0048017)__GO_BP","User",22,0.00177217567491178,1,"AKT1;C1QBP;CD86;CDKN1A;CDKN1B;CREB1;CSF1R;FOXO3;FOXO4;FYN;GAB2;GRB2;GSK3B;OGT;PI4KAP2;PIK3CD;PIK3CG;PLEKHA1;PTAFR;RHOA;RPS6KB2;TNRC6B"
"FDR_Pass","phosphatidylinositol-mediated signaling (GO:0048015)__GO_BP","User",22,0.00177217567491178,1,"AKT1;C1QBP;CD86;CDKN1A;CDKN1B;CREB1;CSF1R;FOXO3;FOXO4;FYN;GAB2;GRB2;GSK3B;OGT;PI4KAP2;PIK3CD;PIK3CG;PLEKHA1;PTAFR;RHOA;RPS6KB2;TNRC6B"
"FDR_Pass","protein serine/threonine kinase activity (GO:0004674)__GO_MF","User",72,0.00188711489758287,1,"ADRBK1;AKAP13;AKT1;ARAF;BCKDK;BCR;CAB39;CAMK1D;CAMK2G;CCND3;CCNK;CLK1;CLK2;CLK3;CPNE3;CSNK1D;CSNK1G2;CSNK2A1;CSNK2B;EIF2AK1;EIF2AK4;FKBP1A;GAK;GRK5;GSK3B;ILK;IRAK1;MAP2K2;MAP2K3;MAP3K1;MAP3K11;MAP3K5;MAP3K7;MAP4K1;MAP4K2;MAP4K4;MAPK1;MAPK3;MAPKAPK2;MAPKAPK3;MAST3;MKNK2;MST4;NUAK2;PAK1;PHKA2;PIK3CG;PINK1;PPP4C;PRKAA1;PRKCD;PRKD2;PTK2B;RAF1;RIOK3;ROCK2;RPS6KA1;RPS6KB2;SBK1;SIK3;SMG1;SQSTM1;SRPK1;STK10;STK17B;STK19;STK24;STK38;STK40;TGFBR3;TNK2;ULK1"
"FDR_Pass","cell-cell junction assembly (GO:0007043)__GO_BP","User",14,0.00193878785062002,1,"ACTN1;ACTN4;CLDN14;CTNNA1;F11R;GJC1;ITGB1;MTDH;RHOA;RHOC;SRF;TBCD;TLN1;VCL"
"FDR_Pass","Platelet activation_Homo sapiens_hsa04611__KEGG_2016","User",32,0.00234488667128449,1,"ACTB;AKT1;APBB1IP;F2R;FCGR2A;FERMT3;FYN;GNA13;GNAI2;GNAS;GP9;ITGB1;LYN;MAPK1;MAPK3;PIK3CD;PIK3CG;PLA2G4B;PLCB2;PLCG2;PPP1CA;PPP1CB;PPP1CC;PTGS1;RASGRP1;RASGRP2;RHOA;ROCK2;SYK;TLN1;VAMP8;VASP"
"FDR_Pass","actin cytoskeleton organization (GO:0030036)__GO_BP","User",47,0.00239616495852166,1,"ABR;ADD1;ARHGDIB;ARHGEF18;BCR;CAP1;CAPZA2;CAPZB;CFL1;CFLAR;CNN2;CORO1A;CORO1B;CORO7;DOCK2;ELMO1;FGD3;GPR65;IQSEC1;ITGB1;LPIN1;MYH9;NCKAP1L;NISCH;NUAK2;PACSIN2;PAK1;PARVG;PDLIM7;PFN1;RAC1;RAC2;RALA;RAN;RHOA;RHOG;ROCK2;SHC1;SLC9A3R1;SRF;SSH2;TLN1;TMSB10;TMSB4X;TRIOBP;VASP;WASF2"
"FDR_Pass","Autism_differential_expression_across_at_least_one_comparison__Voineagu","Brain",134,0.00301656154549831,1,"ABTB1;ACSL4;ACTN1;AKT1;ANXA1;ANXA11;ATP1A1;ATP6V0D1;BRD2;BRPF1;CABIN1;CAMK2G;CARHSP1;CARM1;CCDC90B;CCPG1;CD24;CD74;CDKN1A;CFLAR;CLIC1;CLTB;CMTM7;CPNE3;CSDA;CTSH;CUTL1;CXCL16;CYBA;DDR1;DHRS9;DIAPH1;DMAP1;DNAJB1;DYNLT1;EMP3;FAM46A;FAM89B;FKBP8;FTHL11;FTHL3;G3BP2;GFOD1;GNA13;GOLGA8B;GPR56;GYPC;HCLS1;HIST1H2BK;HIST2H2AA3;HIST2H2BE;HLA-A;HLA-H;HPRT1;HSP90AA1;HSPA1A;HSPB1;IDH3B;IFITM2;INPPL1;ITGB1BP1;ITGB2;KIAA0528;LAPTM5;LCP1;LYN;MAPRE2;MATK;MCL1;MKNK2;MSN;MT2A;MYADM;NCOA1;NCOA3;NFKBIZ;OSBPL8;PAK1;PANX2;PHKA2;PITPNC1;PLOD1;PPP2R1A;PRKCB1;PRMT2;PTBP1;PTK2B;RAB37;RAB40C;RALGDS;RANGAP1;RAPGEF6;RARA;RASGRP1;RHBDF2;RPS15A;RPS2;RPS29;RXRA;RXRB;S100A8;SERTAD1;SFT2D1;SLC15A3;SLC16A3;SLC25A37;SLC35C2;SLC9A1;SNHG5;SOD2;SP110;TAGLN2;TCEB2;TESC;TIMP1;TMBIM1;TMED10P;TNFRSF1A;TNK2;TOM1;TOMM20;UBA52;UBE2L3;UBQLN4;ULK1;VAMP8;VHL;VIM;WAS;YBX1;YY1AP1;ZFP36;ZNF689;ZYX"
"FDR_Pass","RNA polymerase II regulatory region DNA binding (GO:0001012)__GO_MF","User",44,0.00343581409198026,1,"ACTB;ACTL6A;AKNA;ARID3A;ARID3B;ATF4;CEBPZ;CGGBP1;CHD4;CREB1;DPF2;E4F1;ELF4;EOMES;ETV6;FOS;FOXJ2;H2AFZ;H3F3A;HDAC1;HDAC2;HNRNPK;IRF1;MED1;MEF2D;MTF1;MYPOP;NCOA1;NCOR2;NME1;RARA;RUNX3;RXRA;RXRB;SMARCA4;SMARCC1;SMARCC2;SP3;SPI1;SRF;STAT5A;STAT5B;STAT6;WBP2"
"FDR_Pass","green_M10_GlutamatergicSynapticFunction__CTX","Brain",88,0.00410706032310332,1,"AMD1;AP2M1;ARF1;ARF3;ARF4;ARHGDIA;ATG3;ATP6V0A1;ATP6V0C;BASP1;BAT3;BCLAF1;BTAF1;CABIN1;CALM3;CAPN1;CAPNS1;CLTB;CORO1A;CTSD;DCTN1;DEGS1;DEK;DIMT1L;DMTF1;DPYD;EFHA1;EFHD2;EPB49;FAM65A;FAM89B;FKBP8;FLOT1;FLOT2;GPI;GPR137;GRINA;HGS;HIGD1A;IDH3G;IQSEC1;ITM2B;LSM5;LY6E;MAP1S;MAPK3;MIF;MLF2;NAP1L1;NDUFA13;NRGN;NUCB1;NUDC;PDXK;PKM2;PLD3;PNPLA6;POLR2A;POMP;PPM1B;PPP2R2B;PPP2R4;PRNP;PSME3;PTPLB;RARA;RHOT1;RHOT2;RYBP;SBF1;SFRS2IP;SPOCK2;SPTLC1;SRP9;SS18;SSR1;TAPBP;TBCA;TM2D1;TMED5;TMED7;TMEM41B;UBE1;UBE4A;USP5;VAMP2;WBP2;XPO1"
"FDR_Pass","exocytosis (GO:0006887)__GO_BP","User",43,0.00462050619756255,1,"ACTN1;ACTN4;ALDOA;ANXA3;BRPF3;CAP1;CCL5;CD36;CFL1;COPS5;EXOC7;F13A1;LAMP2;LAT;LAT2;LYN;MYO1F;PAK1;PECAM1;PFN1;PIK3CD;PIK3CG;PPP3CB;PSAP;RALA;RASGRP1;ROPN1B;SCAMP1;SDF4;SERPINA1;SOD1;STX11;STXBP2;SYTL1;TIMP1;TLN1;TMSB4X;TUBA4A;TXLNA;VAMP2;VAMP7;VCL;WDR1"
"FDR_Pass","tissue morphogenesis (GO:0048729)__GO_BP","User",32,0.00462539866980363,1,"BCL2;CCM2;CFL1;CSF1R;CSNK2B;CTSH;CTSZ;CXCR4;DDR1;FKBP1A;GATAD2A;GNA13;GRB2;IL10;ILK;LY6E;MED1;NCOA3;NOTCH1;PAK1;PHB2;PPP1CA;PPP3R1;PRKD2;RXRA;SETD2;SMAD4;SMARCA4;SRF;STAT5A;TGFBR3;VCL"
"FDR_Pass","nucleoside-triphosphatase regulator activity (GO:0060589)__GO_MF","User",55,0.00472692239453243,1,"ABR;AHSA1;ARAP1;ARAP3;ARFGAP2;ARHGAP1;ARHGAP17;ARHGAP25;ARHGAP30;ARHGAP4;ARHGAP9;ARHGDIA;ARHGDIB;ARL2BP;ASAP1;ATP1B3;AXIN1;BCR;BNIP2;DNAJB1;DNAJB6;DOCK2;FAM13B;GDI1;GMIP;GPS1;GPSM3;HMHA1;IQGAP1;ITGB1BP1;MAP4K1;MAP4K2;MAP4K4;MYO9B;NCKAP1L;PFN1;PTPLAD1;RABGAP1;RALBP1;RALGDS;RANBP1;RANGAP1;RASAL3;RGS18;SH3BGRL3;SH3BP1;SIPA1;SIPA1L3;SMAP2;TBC1D10B;TBC1D10C;TBCD;TNK2;TOR1AIP1;WAS"
"FDR_Pass","translational initiation (GO:0006413)__GO_BP","User",71,0.00525323726896961,1,"ABCF1;COPS5;DENR;EIF3B;EIF3E;EIF3H;EIF3K;EIF3M;EIF4A2;EIF4E3;EIF4G1;EIF4H;EIF6;FAU;RPL10A;RPL11;RPL12;RPL13;RPL13A;RPL15;RPL17;RPL19;RPL21;RPL22;RPL23;RPL24;RPL26;RPL27;RPL27A;RPL3;RPL30;RPL31;RPL32;RPL35;RPL35A;RPL36;RPL39;RPL4;RPL41;RPL5;RPL6;RPL7;RPL7A;RPL9;RPLP0;RPLP1;RPLP2;RPS10;RPS11;RPS13;RPS14;RPS15A;RPS16;RPS17;RPS18;RPS2;RPS20;RPS24;RPS25;RPS27;RPS27A;RPS29;RPS3;RPS3A;RPS4X;RPS5;RPS6;RPS8;RPS9;RPSA;UBA52"
"FDR_Pass","nucleosomal DNA binding (GO:0031492)__GO_MF","User",12,0.00551693198107659,1,"ACTB;ACTL6A;CHD4;H2AFZ;H3F3A;HDAC1;HDAC2;HMGN1;HMGN4;SMARCA4;SMARCC1;SMARCC2"
"FDR_Pass","Rho GTPase activator activity (GO:0005100)__GO_MF","User",12,0.00551693198107659,1,"ABR;ARAP1;ARAP3;ARHGAP1;ARHGAP4;BCR;DOCK2;GMIP;MYO9B;NCKAP1L;RALBP1;SH3BGRL3"
"FDR_Pass","Regulation of actin cytoskeleton_Homo sapiens_hsa04810__KEGG_2016","User",44,0.00575144541789891,1,"ACTB;ACTN1;ACTN4;ARAF;ARPC1B;ARPC4;CFL1;CRKL;CYFIP2;DIAPH1;F2R;FGD3;GNA13;IQGAP1;ITGA5;ITGAL;ITGAX;ITGB1;ITGB2;MAP2K2;MAPK1;MAPK3;MSN;MYH9;NCKAP1L;PAK1;PFN1;PIK3CD;PIK3CG;PPP1CA;PPP1CB;PPP1CC;RAC1;RAC2;RAF1;RHOA;ROCK2;RRAS;SLC9A1;SSH2;TMSB4X;VCL;WAS;WASF2"
"FDR_Pass","RNA polymerase II regulatory region sequence-specific DNA binding (GO:0000977)__GO_MF","User",42,0.00617919889425305,1,"ACTB;ACTL6A;AKNA;ARID3A;ARID3B;ATF4;CEBPZ;CGGBP1;CHD4;CREB1;DPF2;E4F1;ELF4;EOMES;ETV6;FOS;FOXJ2;H2AFZ;H3F3A;HDAC1;HDAC2;HNRNPK;IRF1;MED1;MEF2D;MTF1;MYPOP;NME1;RARA;RUNX3;RXRA;RXRB;SMARCA4;SMARCC1;SMARCC2;SP3;SPI1;SRF;STAT5A;STAT5B;STAT6;WBP2"
"FDR_Pass","salmon_M12_Ribosome__MouseMeta","Brain",42,0.00617919889425305,1,"ATP5C1;BRP44;CD302;CHMP2A;COX17;COX6C;DPM1;EBNA1BP2;FAM96A;HINT1;MRPL21;MRPL24;NDUFA2;NDUFB3;NDUFS5;NDUFV2;NSMCE4A;PSMA6;PSMB4;PSMC2;PSMD6;REXO2;RNF7;RPL13A;RPL24;RPL7;RPL7A;RPS11;RPS15A;RPS5;SEC11A;SF3B14;SNHG6;SOD2;SRP14;SSBP1;SSU72;TBCA;TM2D3;TOMM7;TXNDC17;VDAC3"
"FDR_Pass","cAMP signaling pathway_Homo sapiens_hsa04024__KEGG_2016","User",33,0.00618247135404269,1,"ACOX1;AKT1;ARAP3;ATP1A1;ATP1B3;ATP2B4;CALM3;CAMK2G;CREB1;CREBBP;F2R;FOS;GNAI2;GNAS;MAP2K2;MAPK1;MAPK3;PAK1;PDE4C;PIK3CD;PIK3CG;PPP1CA;PPP1CB;PPP1CC;PTGER2;RAC1;RAC2;RAF1;RHOA;ROCK2;RRAS;SLC9A1;SSTR2"
"FDR_Pass","cellular response to oxidative stress (GO:0034599)__GO_BP","User",33,0.00618247135404269,1,"ANXA1;APEX1;ARL6IP5;ATF4;BCL2;CD36;DIABLO;FOS;FOXO3;G6PD;GPX1;HBA1;HBB;HDAC6;HSPA1A;KLF2;MAP3K5;PARK7;PLEKHA1;PNPT1;PRDX1;PRDX3;PRDX6;PRKAA1;PRKCD;RHOB;RNF7;ROMO1;SIN3A;SOD1;SOD2;STAT6;STK24"
"FDR_Pass","regulation of protein localization to nucleus (GO:1900180)__GO_BP","User",33,0.00618247135404269,1,"AXIN1;BCL3;CD36;CDKN1A;DMAP1;EMD;FAM89B;FYN;FZD7;G3BP2;GSK3B;HCLS1;HSP90AB1;IL10;IL18;KPNA1;LITAF;LMNA;MED1;NLRP12;PARK7;PARP10;PPM1B;PRDX1;RASSF5;RBCK1;RHOA;SIN3A;SMAD4;TACC3;TNFRSF1A;TNFSF14;TXN"
"FDR_Pass","intracellular steroid hormone receptor signaling pathway (GO:0030518)__GO_BP","User",19,0.00637309388408292,1,"CARM1;DEFA1;DEFA3;DNAJA1;EGLN2;MED1;NCOA1;NCOA3;NCOA6;PIAS1;PTGES3;RAN;RARA;RBM14;RHOA;RNF14;SAFB;TADA3;YWHAH"
"FDR_Pass","Rap1 signaling pathway_Homo sapiens_hsa04015__KEGG_2016","User",40,0.00662551559699594,1,"ACTB;AKT1;APBB1IP;ARAP3;CALM3;CRKL;CSF1R;F2R;FYB;GNAI2;GNAS;ITGAL;ITGB1;ITGB2;LAT;LPAR2;MAP2K2;MAP2K3;MAPK1;MAPK3;PFN1;PIK3CD;PIK3CG;PLCB2;PRKD2;RAC1;RAC2;RAF1;RALA;RALGDS;RAPGEF1;RAPGEF6;RASGRP2;RASSF5;RHOA;RRAS;SIPA1;SIPA1L3;TLN1;VASP"
"FDR_Pass","cyan_M4_Mitochondria__HumanMeta","Brain",29,0.00669794800029696,1,"ATP5J2;ATP5L;BCAP31;CCDC56;COX17;COX5B;COX6A1;COX7C;DHPS;DRAP1;ERP29;GPS1;MAPBPIP;NDUFA1;NDUFA13;NDUFA2;NDUFA8;NDUFB2;NDUFB3;NDUFB7;PSMB4;PSMB7;SF3B5;SNRPD2;TCEB2;TRPC4AP;UBL5;UQCRQ;VPS28"
"FDR_Pass","Adherens junction_Homo sapiens_hsa04520__KEGG_2016","User",21,0.00676966160004126,1,"ACP1;ACTB;ACTN1;ACTN4;CREBBP;CSNK2A1;CSNK2B;CTNNA1;FYN;IQGAP1;MAP3K7;MAPK1;MAPK3;PTPN6;RAC1;RAC2;RHOA;SMAD4;VCL;WAS;WASF2"
"FDR_Pass","BloodPlatelets_Top50__Gnatenko","Blood",21,0.00676966160004126,1,"ACTB;CCL5;F13A1;FTH1;GNAS;GPX1;H3F3A;HBA1;HBB;HLA-E;MYL6;NRGN;OAZ1;PKM2;PTMA;RPL41;TAGLN2;TLN1;TMSB4X;UBC;YWHAH"
"FDR_Pass","cellular response to decreased oxygen levels (GO:0036294)__GO_BP","User",21,0.00676966160004126,1,"AKT1;BCL2;CREBBP;EGLN2;GNB1;HIGD1A;IRAK1;LMNA;NDRG1;NOTCH1;PINK1;PRKAA1;RBX1;RPS27A;TCEB1;TCEB2;UBA52;UBC;UBE2D3;UBQLN1;VHL"
"FDR_Pass","cellular response to hypoxia (GO:0071456)__GO_BP","User",21,0.00676966160004126,1,"AKT1;BCL2;CREBBP;EGLN2;GNB1;HIGD1A;IRAK1;LMNA;NDRG1;NOTCH1;PINK1;PRKAA1;RBX1;RPS27A;TCEB1;TCEB2;UBA52;UBC;UBE2D3;UBQLN1;VHL"
"FDR_Pass","Rho protein signal transduction (GO:0007266)__GO_BP","User",14,0.00751534611950483,1,"ARHGAP1;ARHGAP4;ARHGDIA;ARHGDIB;CFL1;GNA13;GPR56;MYO9B;PTPLAD1;RHOA;RHOB;RHOG;ROPN1B;TAX1BP3"
"FDR_Pass","RNA polymerase II distal enhancer sequence-specific DNA binding (GO:0000980)__GO_MF","User",14,0.00751534611950483,1,"ACTB;ACTL6A;ARID3B;CHD4;CREB1;H2AFZ;H3F3A;HDAC1;HDAC2;RXRB;SMARCA4;SMARCC1;SMARCC2;SPI1"
"FDR_Pass","Focal adhesion_Homo sapiens_hsa04510__KEGG_2016","User",36,0.00755993595072761,1,"ACTB;ACTN1;ACTN4;AKT1;BCL2;BIRC2;BIRC3;CCND3;CRKL;DIAPH1;FYN;GRB2;GSK3B;ILK;ITGA5;ITGB1;MAPK1;MAPK3;PAK1;PARVG;PIK3CD;PIK3CG;PPP1CA;PPP1CB;PPP1CC;RAC1;RAC2;RAF1;RAPGEF1;RHOA;ROCK2;SHC1;TLN1;VASP;VCL;ZYX"
"FDR_Pass","embryonic morphogenesis (GO:0048598)__GO_BP","User",32,0.00850799816845729,1,"ABR;AXIN1;BCR;CFL1;CREBBP;EIF4A3;EOMES;GATAD2A;GNAS;GRB2;HDAC1;HDAC2;HLX;ID2;IL10;MAFB;MBNL1;MED1;NCOA1;NCOA3;NIPBL;NOTCH1;PBX2;RAC1;RPS6;SETD2;SMAD4;SMARCA4;SP3;SRF;SYF2;TMED2"
"FDR_Pass","GDP binding (GO:0019003)__GO_MF","User",16,0.00883902547455814,1,"ARL8B;RAB10;RAB35;RAB40C;RAB5B;RAB5C;RAB7A;RAB8A;RAB8B;RAB9A;RHEB;RHOA;RHOB;RRAS;SRP54;SUCLG1"
"FDR_Pass","regulation of DNA-templated transcription in response to stress (GO:0043620)__GO_BP","User",16,0.00883902547455814,1,"ATF4;BCLAF1;CREBBP;EGLN2;KLF2;NOTCH1;RBX1;RPS27A;RPS6KA1;SIN3A;TCEB1;TCEB2;UBA52;UBC;UBE2D3;VHL"
"FDR_Pass","Phospholipase D signaling pathway_Homo sapiens_hsa04072__KEGG_2016","User",30,0.00896064184019554,1,"AKT1;ARF1;CXCR1;CYTH4;DGKD;DNM2;F2R;FYN;GAB2;GNA13;GNAS;GRB2;LPAR2;MAP2K2;MAPK1;MAPK3;PIK3CD;PIK3CG;PLA2G4B;PLCB2;PLCG2;PTK2B;RAF1;RALA;RALGDS;RHEB;RHOA;RRAS;SHC1;SYK"
"FDR_Pass","regulation of sodium ion transport (GO:0002028)__GO_BP","User",11,0.00923756121368947,1,"ACTN4;AHCYL1;AKT1;ATP1A1;ATP1B3;ATP2B4;GLRX;SLC9A3R1;STOM;TESC;YWHAH"
"FDR_Pass","regulation of transmembrane receptor protein serine/threonine kinase signaling pathway (GO:0090092)__GO_BP","User",26,0.00972979274402197,1,"AXIN1;C10ORF54;CSNK2B;FAM89B;FKBP1A;FKBP8;GLG1;ILK;LEMD3;LRG1;NOTCH1;PPP1CA;PPP1CB;PPP1CC;PPP1R15A;RPS27A;SMAD4;SNW1;SNX6;STRAP;STUB1;TGFBR3;TRIM33;UBA52;UBC;XPO1"
"FDR_Pass","chromatin DNA binding (GO:0031490)__GO_MF","User",20,0.0100082651302277,1,"ACTB;ACTL6A;APEX1;CHD4;FOXO3;H2AFZ;H3F3A;HDAC1;HDAC2;HMGN1;HMGN4;MED1;NOTCH1;RARA;RXRA;SMARCA4;SMARCC1;SMARCC2;SRF;WBP2"
"FDR_Pass","response to decreased oxygen levels (GO:0036293)__GO_BP","User",45,0.0110967504522091,1,"ACTN4;ADSL;AKT1;ALDOC;ALKBH5;ASCL2;BCL2;BIRC2;CASP1;CD24;CDKN1B;CREBBP;CXCR4;EGLN2;GNB1;HIGD1A;IRAK1;LMNA;NDRG1;NOTCH1;PAK1;PINK1;PLOD1;PRKAA1;PTK2B;RAF1;RBX1;RHOA;RPS27A;SCAP;SMAD4;SOD2;SRF;STAT5B;TACC3;TCEB1;TCEB2;TGFBR3;TNFRSF1A;UBA52;UBC;UBE2D3;UBQLN1;UCP2;VHL"
"FDR_Pass","response to hypoxia (GO:0001666)__GO_BP","User",45,0.0110967504522091,1,"ACTN4;ADSL;AKT1;ALDOC;ALKBH5;ASCL2;BCL2;BIRC2;CASP1;CD24;CDKN1B;CREBBP;CXCR4;EGLN2;GNB1;HIGD1A;IRAK1;LMNA;NDRG1;NOTCH1;PAK1;PINK1;PLOD1;PRKAA1;PTK2B;RAF1;RBX1;RHOA;RPS27A;SCAP;SMAD4;SOD2;SRF;STAT5B;TACC3;TCEB1;TCEB2;TGFBR3;TNFRSF1A;UBA52;UBC;UBE2D3;UBQLN1;UCP2;VHL"
"FDR_Pass","transcription regulatory region sequence-specific DNA binding (GO:0000976)__GO_MF","User",45,0.0110967504522091,1,"ACTB;ACTL6A;AKNA;ARID3A;ARID3B;ATF4;CEBPZ;CGGBP1;CHD4;CREB1;CREBBP;DPF2;E4F1;ELF4;EOMES;ETV6;FOS;FOXJ2;H2AFZ;H3F3A;HDAC1;HDAC2;HNRNPK;IRF1;MED1;MEF2D;MTF1;MYPOP;NME1;RARA;RUNX3;RXRA;RXRB;SIN3A;SMAD4;SMARCA4;SMARCC1;SMARCC2;SP3;SPI1;SRF;STAT5A;STAT5B;STAT6;WBP2"
"FDR_Pass","phosphatase binding (GO:0019902)__GO_MF","User",31,0.0116287966384304,1,"ANAPC5;ATP2B4;BCL2;CARHSP1;CDKN1B;CSF1R;CSK;CTSC;GRB2;IQGAP1;JAK1;LILRB1;MAP3K5;MAPK1;MAPK3;MVP;PPP2R4;PPP3CB;PSTPIP1;SLC9A3R1;SMG5;SMG7;SNX3;SOD1;STAT3;STAT5A;STAT5B;STAT6;STAU1;TRPC4AP;VRK3"
"FDR_Pass","Oxidative phosphorylation_Homo sapiens_hsa00190__KEGG_2016","User",53,0.0117799623186865,1,"ATP5C1;ATP5E;ATP5F1;ATP5H;ATP5I;ATP5J;ATP5J2;ATP5L;ATP5O;ATP6AP1;ATP6V0A1;ATP6V0B;ATP6V0C;ATP6V0D1;ATP6V1B2;ATP6V1E1;ATP6V1G1;COX17;COX4I1;COX5A;COX5B;COX6A1;COX6C;COX7A2;COX7A2L;COX7C;LHPP;NDUFA1;NDUFA12;NDUFA13;NDUFA2;NDUFA4;NDUFA8;NDUFAB1;NDUFB2;NDUFB3;NDUFB5;NDUFB7;NDUFB8;NDUFS3;NDUFS5;NDUFS7;NDUFV2;PPA1;PPA2;SDHB;SDHD;TCIRG1;UQCRC2;UQCRFS1;UQCRH;UQCRHL;UQCRQ"
"FDR_Pass","turquoise_M14_Nucleus__HumanMeta","Brain",120,0.0120072786559247,1,"ABCA7;ACADVL;ACSL4;ADRA2C;ADSS;ANXA7;AP1G2;ARF4;ARGLU1;ARS2;AUP1;BAZ2B;BIRC2;BNIP3L;BRD2;BTAF1;BTN3A1;CARM1;CCDC92;CDK5RAP3;CDKN1B;CHD4;CHD8;CLCN7;CLK1;CNIH;CNOT8;CREB1;CREBBP;CROP;CSNK1G2;DDX18;DEGS1;DEK;DENND4B;DERL1;DHX15;DMTF1;DPM1;DYNLRB1;EBAG9;EDC4;EFHA1;EXOC7;FBRS;FBXL5;GDI1;GFOD1;GMEB2;HDAC2;HEXB;HGS;HMGN1;HNRNPA2B1;HSP90AA1;IMPDH1;ITPK1;KIAA0913;LSM5;LZTR1;MAP3K7;MBNL1;MICAL1;MRFAP1L1;NCK1;NCOR2;NISCH;OGT;PCBP1;PCNA;PCNP;PILRB;PPA1;PPM1B;PPP1CB;PPP1CC;PQLC1;PTPLB;RAPGEF6;RBM6;RDH14;RFNG;SCYL2;SDHD;SFRS1;SFRS18;SFRS2;SH3BGRL;SLC35A1;SMAD4;SMARCC2;SMNDC1;SP3;SPATA2L;SPG7;SPTLC1;SRP9;SRRM2;SSBP2;SSR1;STX10;TDG;TM2D1;TMED2;TMED5;TMED7;TNK2;TRIOBP;UBE2E1;UBE4A;UBL3;UBR4;UNC50;USP4;VPS26A;WDR13;WDR33;WDR6;XPO1;ZMPSTE24"
"FDR_Pass","enzyme activator activity (GO:0008047)__GO_MF","User",75,0.0120810593557169,1,"ABI1;ABR;ADRM1;AHSA1;ALOX5AP;ARAP1;ARAP3;ARFGAP2;ARHGAP1;ARHGAP17;ARHGAP25;ARHGAP30;ARHGAP4;ARHGAP9;ARHGDIA;ARHGDIB;ASAP1;ATP1B3;AXIN1;AZIN1;BCR;BNIP2;CAB39;CASP1;CCL5;CD24;CDKN1A;CDKN1B;CFLAR;CTSA;CTSC;CTSH;DBNL;DNAJB1;DNAJB6;DOCK2;EBAG9;FAM13B;GDI1;GMFB;GMFG;GMIP;HMHA1;IQGAP1;MAL;MAP2K2;MAP3K5;MYO9B;NCF4;NCKAP1L;NLRP12;NSMAF;OGT;PARK7;PINK1;PPP2R4;PRKCD;PSAP;PSME3;PTPLAD1;RABGAP1;RALBP1;RANBP1;RANGAP1;RASAL3;RGS18;SH3BGRL3;SH3BP1;SIPA1;SIPA1L3;SMAP2;TBC1D10B;TBC1D10C;TBCD;TOR1AIP1"
"FDR_Pass","structure-specific DNA binding (GO:0043566)__GO_MF","User",51,0.012886651591886,1,"ACTB;ACTL6A;APEX1;CGGBP1;CHD4;CNBP;ERCC1;FOS;FOXO3;H2AFZ;H3F3A;HDAC1;HDAC2;HMGN1;HMGN4;HNRNPA2B1;HNRNPK;JUND;LSM14A;MED1;MSH3;NME1;NOTCH1;PARK7;PCBP1;PCNA;PNKP;PURB;RARA;RBMS1;RPA3;RTF1;RXRA;SAFB;SMARCA4;SMARCC1;SMARCC2;SP3;SPEN;SRF;SSBP1;SSBP2;STAT5B;TARDBP;TDG;WBP11;WBP2;XPC;XRCC6;YBX1;YY1"
"FDR_Pass","small GTPase regulator activity (GO:0005083)__GO_MF","User",34,0.0136737796942378,1,"ABR;ARAP1;ARAP3;ARFGAP2;ARHGAP1;ARHGAP4;ARHGDIA;ARHGDIB;ARL2BP;ASAP1;BCR;DOCK2;GDI1;GMIP;GPSM3;IQGAP1;ITGB1BP1;MAP4K1;MAP4K2;MAP4K4;MYO9B;NCKAP1L;RABGAP1;RALBP1;RALGDS;RANBP1;RANGAP1;RASAL3;SH3BGRL3;SIPA1;SMAP2;TBC1D10B;TBC1D10C;WAS"
"FDR_Pass","GTPase regulator activity (GO:0030695)__GO_MF","User",49,0.0140974487987667,1,"ABR;ARAP1;ARAP3;ARFGAP2;ARHGAP1;ARHGAP17;ARHGAP25;ARHGAP30;ARHGAP4;ARHGAP9;ARHGDIA;ARHGDIB;ARL2BP;ASAP1;AXIN1;BCR;BNIP2;DOCK2;FAM13B;GDI1;GMIP;GPS1;GPSM3;HMHA1;IQGAP1;ITGB1BP1;MAP4K1;MAP4K2;MAP4K4;MYO9B;NCKAP1L;PTPLAD1;RABGAP1;RALBP1;RALGDS;RANBP1;RANGAP1;RASAL3;RGS18;SH3BGRL3;SH3BP1;SIPA1;SIPA1L3;SMAP2;TBC1D10B;TBC1D10C;TBCD;TNK2;WAS"
"FDR_Pass","Fc receptor signaling pathway (GO:0038093)__GO_BP","User",57,0.0142515106254353,1,"ABI1;ACTB;ACTR3;AKT1;ARPC4;CARD11;CD3G;CD86;CDKN1A;CDKN1B;CFL1;CREB1;CYFIP2;ELMO1;ELMO2;FCGR2A;FCGR3A;FOS;FOXO3;FOXO4;FYN;GAB2;GRB2;GSK3B;HSP90AA1;HSP90AB1;IKBKG;LAT;LAT2;LYN;MAP2K2;MAP3K1;MAP3K7;MAPK1;MAPK3;NCK1;PAK1;PIK3CD;PLCG2;PPP3CB;PPP3R1;PRKCD;RAC1;RAF1;RASGRP1;RPS27A;RPS6KB2;SHC1;SYK;TNRC6B;UBA52;UBC;UBE2N;WAS;WASF2;WIPF1;YWHAB"
"FDR_Pass","positive regulation of MAP kinase activity (GO:0043406)__GO_BP","User",39,0.0142674448337577,1,"ADRA2C;AXIN1;C5AR1;CD24;CD74;CSK;CXCR4;DBNL;IKBKG;ILK;IRAK1;LPAR2;MAP2K2;MAP2K3;MAP3K1;MAP3K11;MAP3K5;MAP3K7;MAP4K1;MAP4K2;MAPK1;MAPK3;MAPK8IP3;MAPKAPK2;MAPKAPK3;MIF;MUL1;PAK1;PIK3CG;PRKAA1;PTK2B;PTPLAD1;RPS27A;S100A12;SHC1;SOD1;SYK;UBA52;UBC"
"FDR_Pass","cellular response to oxygen levels (GO:0071453)__GO_BP","User",21,0.0145583642187227,1,"AKT1;BCL2;CREBBP;EGLN2;GNB1;HIGD1A;IRAK1;LMNA;NDRG1;NOTCH1;PINK1;PRKAA1;RBX1;RPS27A;TCEB1;TCEB2;UBA52;UBC;UBE2D3;UBQLN1;VHL"
"FDR_Pass","hemostasis (GO:0007599)__GO_BP","User",89,0.0152062289461913,1,"ACTB;ACTN1;ACTN4;ADRA2C;AK3;AKT1;ALDOA;ANXA5;ANXA7;APBB1IP;ATP1B3;ATP2B4;BRPF3;C1QBP;CAP1;CAPZA2;CAPZB;CD36;CD47;CD48;CFL1;CSK;DGKD;EHD1;F11R;F13A1;F2R;FYN;GLG1;GNA13;GNAI2;GNAS;GNB1;GP9;GPI;GRB2;H3F3A;HBB;HDAC1;HDAC2;HMG20B;INPP5D;IRF1;ITGA5;ITGAL;ITGAX;ITGB1;ITGB2;ITPK1;LAMP2;LAT;LYN;LYST;MAPK1;MAPK3;NBEAL2;NFE2;PABPC4;PECAM1;PFN1;PIK3CG;PLCG2;PRKCD;PSAP;PTPN6;RAC1;RAC2;RAF1;RASGRP1;RASGRP2;RHOA;RHOB;RHOG;SELL;SERPINA1;SH2B3;SHC1;SIN3A;SLC16A3;SOD1;SYK;TIMP1;TLN1;TMSB4X;TUBA4A;VCL;WAS;WDR1;YWHAZ"
"FDR_Pass","blood coagulation (GO:0007596)__GO_BP","User",87,0.0166440548765286,1,"ACTB;ACTN1;ACTN4;ADRA2C;AK3;AKT1;ALDOA;ANXA5;APBB1IP;ATP1B3;ATP2B4;BRPF3;C1QBP;CAP1;CAPZA2;CAPZB;CD36;CD47;CD48;CFL1;CSK;DGKD;EHD1;F11R;F13A1;F2R;FYN;GLG1;GNA13;GNAI2;GNAS;GNB1;GP9;GRB2;H3F3A;HBB;HDAC1;HDAC2;HMG20B;INPP5D;IRF1;ITGA5;ITGAL;ITGAX;ITGB1;ITGB2;ITPK1;LAMP2;LAT;LYN;LYST;MAPK1;MAPK3;NBEAL2;NFE2;PABPC4;PECAM1;PFN1;PIK3CG;PLCG2;PRKCD;PSAP;PTPN6;RAC1;RAC2;RAF1;RASGRP1;RASGRP2;RHOA;RHOB;RHOG;SELL;SERPINA1;SH2B3;SHC1;SIN3A;SLC16A3;SOD1;SYK;TIMP1;TLN1;TMSB4X;TUBA4A;VCL;WAS;WDR1;YWHAZ"
"FDR_Pass","coagulation (GO:0050817)__GO_BP","User",87,0.0166440548765286,1,"ACTB;ACTN1;ACTN4;ADRA2C;AK3;AKT1;ALDOA;ANXA5;APBB1IP;ATP1B3;ATP2B4;BRPF3;C1QBP;CAP1;CAPZA2;CAPZB;CD36;CD47;CD48;CFL1;CSK;DGKD;EHD1;F11R;F13A1;F2R;FYN;GLG1;GNA13;GNAI2;GNAS;GNB1;GP9;GRB2;H3F3A;HBB;HDAC1;HDAC2;HMG20B;INPP5D;IRF1;ITGA5;ITGAL;ITGAX;ITGB1;ITGB2;ITPK1;LAMP2;LAT;LYN;LYST;MAPK1;MAPK3;NBEAL2;NFE2;PABPC4;PECAM1;PFN1;PIK3CG;PLCG2;PRKCD;PSAP;PTPN6;RAC1;RAC2;RAF1;RASGRP1;RASGRP2;RHOA;RHOB;RHOG;SELL;SERPINA1;SH2B3;SHC1;SIN3A;SLC16A3;SOD1;SYK;TIMP1;TLN1;TMSB4X;TUBA4A;VCL;WAS;WDR1;YWHAZ"
"FDR_Pass","Viral carcinogenesis_Homo sapiens_hsa05203__KEGG_2016","User",53,0.0171361303937735,1,"ACTN1;ACTN4;ATF4;ATP6V0D1;CCND3;CDKN1A;CDKN1B;CHD4;CREB1;CREBBP;GRB2;GTF2A2;GTF2E2;HDAC1;HDAC2;HDAC6;HIST1H2BK;HIST1H4C;HIST2H2BE;HLA-A;HLA-B;HLA-E;HNRNPK;IKBKG;IRF3;IRF9;JAK1;KAT2B;LTBR;LYN;MAPK1;MAPK3;MAPKAPK2;PIK3CD;PIK3CG;POLB;RAC1;RANBP1;RHOA;SND1;SNW1;SRF;STAT3;STAT5A;STAT5B;SYK;TBPL1;UBR4;USP7;VDAC3;YWHAB;YWHAH;YWHAZ"
"FDR_Pass","Eotaxin / CCL11__ImmunePathway","Immune",33,0.0182037013303574,1,"ACTR3;AKT1;ARAP3;CCL5;CFL1;CYB5R3;CYBA;CYBB;CYTH4;DAPP1;DOCK2;GNAS;GNB1;GNG10;INPP5D;MAP2K2;MAP3K1;MAPK1;MAPK3;MYO1F;NCF1;PAK1;PFN1;PIK3CD;PIK3CG;PLCB2;PPP1CB;RAC1;RAC2;RAF1;RHOA;ROCK2;WAS"
"FDR_Pass","cellular response to steroid hormone stimulus (GO:0071383)__GO_BP","User",12,0.0189510236722409,1,"ANXA1;ATP1A1;H2AFZ;IL10;MED1;RARA;RXRA;RXRB;SSTR2;TNFRSF1A;UBE2L3;WBP2"
"FDR_Pass","midnightblue_M2_Ribosome__CTX","Brain",12,0.0189510236722409,1,"FAU;RPL35;RPLP1;RPLP2;RPS11;RPS16;RPS17;RPS20;RPS24;RPS27;RPS29;RPS5"
"FDR_Pass","nucleosome binding (GO:0031491)__GO_MF","User",12,0.0189510236722409,1,"ACTB;ACTL6A;CHD4;H2AFZ;H3F3A;HDAC1;HDAC2;HMGN1;HMGN4;SMARCA4;SMARCC1;SMARCC2"
"FDR_Pass","regulation of receptor activity (GO:0010469)__GO_BP","User",12,0.0189510236722409,1,"ADRA2C;HDAC6;MED1;NCOA3;PARK7;PPP2CA;PRKCD;PTK2B;SHC1;SNX6;UBE2I;ZGPAT"
"FDR_Pass","activation of MAPK activity (GO:0000187)__GO_BP","User",31,0.0196908593525277,1,"ADRA2C;AXIN1;C5AR1;CD74;CXCR4;DBNL;IKBKG;IRAK1;LPAR2;MAP2K2;MAP2K3;MAP3K1;MAP3K11;MAP3K5;MAP3K7;MAP4K1;MAP4K2;MAPK1;MAPK3;MAPK8IP3;MAPKAPK2;MAPKAPK3;MUL1;PRKAA1;PTPLAD1;RPS27A;SHC1;SOD1;SYK;UBA52;UBC"
"FDR_Pass","hydrogen ion transmembrane transporter activity (GO:0015078)__GO_MF","User",31,0.0196908593525277,1,"ATP5C1;ATP5E;ATP5EP2;ATP5F1;ATP5H;ATP5I;ATP5J;ATP5L;ATP5O;ATP6AP1;ATP6V0A1;ATP6V0B;ATP6V0C;ATP6V0D1;ATP6V1B2;ATP6V1E1;COX4I1;COX5A;COX5B;COX6A1;COX6C;COX7A2;COX7A2L;COX7C;NDUFA4;SLC11A1;SLC9A1;TCIRG1;UQCRFS1;UQCRH;UQCRQ"
"FDR_Pass","hydrogen ion transmembrane transport (GO:1902600)__GO_BP","User",31,0.0196908593525277,1,"ATP5C1;ATP5E;ATP5EP2;ATP5F1;ATP5H;ATP5I;ATP5J;ATP5J2;ATP5L;ATP5O;ATP6AP1;ATP6V0A1;ATP6V0B;ATP6V0C;ATP6V0D1;ATP6V1B2;ATP6V1E1;COX4I1;COX5A;COX5B;COX6A1;COX6C;COX7A2;COX7A2L;COX7C;NDUFA4;SLC9A1;TCIRG1;UQCRFS1;UQCRH;UQCRQ"
"FDR_Pass","cellular response to extracellular stimulus (GO:0031668)__GO_BP","User",22,0.0199970266464206,1,"ASGR1;ATG12;BCL2;CDKN1A;CHMP1A;EIF2AK4;FOS;GSDMD;HDAC6;HIGD1A;ITGB1;LDHA;LYN;NCOA1;NUAK2;OPTN;PRKAA1;SIPA1;SQSTM1;SRF;UCP2;ULK1"
"FDR_Pass","developmental growth (GO:0048589)__GO_BP","User",22,0.0199970266464206,1,"ARIH2;BCL2;CFLAR;EIF4H;FOXO3;GNAS;GPX1;IQGAP1;ITGB1;NCOA3;NDEL1;NINJ1;NIPBL;NOTCH1;PPP3CB;PRMT2;PSAP;SMAD4;SMARCA4;SRF;ULK1;ZMIZ1"
"FDR_Pass","Wnt signaling pathway_Homo sapiens_hsa04310__KEGG_2016","User",22,0.0199970266464206,1,"AXIN1;CAMK2G;CCND3;CHD8;CREBBP;CSNK2A1;CSNK2B;CTBP1;FZD7;GSK3B;MAP3K7;PLCB2;PPP3CB;PPP3R1;RAC1;RAC2;RBX1;RHOA;ROCK2;SIAH1;SMAD4;TBL1X"
"FDR_Pass","hydrogen transport (GO:0006818)__GO_BP","User",36,0.0202977712131866,1,"ATP5C1;ATP5E;ATP5EP2;ATP5F1;ATP5H;ATP5I;ATP5J;ATP5J2;ATP5L;ATP5O;ATP6AP1;ATP6V0A1;ATP6V0B;ATP6V0C;ATP6V0D1;ATP6V1B2;ATP6V1E1;ATP6V1G1;COX4I1;COX5A;COX5B;COX6A1;COX6C;COX7A2;COX7A2L;COX7C;NDUFA4;SLC35A1;SLC35A2;SLC35A4;SLC9A1;TCIRG1;UCP2;UQCRFS1;UQCRH;UQCRQ"
"FDR_Pass","proton transport (GO:0015992)__GO_BP","User",36,0.0202977712131866,1,"ATP5C1;ATP5E;ATP5EP2;ATP5F1;ATP5H;ATP5I;ATP5J;ATP5J2;ATP5L;ATP5O;ATP6AP1;ATP6V0A1;ATP6V0B;ATP6V0C;ATP6V0D1;ATP6V1B2;ATP6V1E1;ATP6V1G1;COX4I1;COX5A;COX5B;COX6A1;COX6C;COX7A2;COX7A2L;COX7C;NDUFA4;SLC35A1;SLC35A2;SLC35A4;SLC9A1;TCIRG1;UCP2;UQCRFS1;UQCRH;UQCRQ"
"FDR_Pass","regulation of nucleocytoplasmic transport (GO:0046822)__GO_BP","User",36,0.0202977712131866,1,"AXIN1;BCL3;CD36;CDKN1A;DMAP1;EMD;FAM89B;FZD7;G3BP2;GSK3B;HCLS1;HSP90AB1;IL10;IL18;KPNA1;LITAF;MED1;MX2;NCBP2;NLRP12;PARK7;PARP10;PPM1B;PRDX1;RANGAP1;RBCK1;RHOA;SETD2;SMAD4;TACC3;THOC5;TNFRSF1A;TNFSF14;TXN;XPO1;ZC3H3"
"FDR_Pass","cellular component disassembly involved in execution phase of apoptosis (GO:0006921)__GO_BP","User",14,0.0207468979635798,1,"ACIN1;ADD1;BCAP31;BIRC2;DBNL;DEDD2;FNTA;KPNA1;KPNB1;LMNA;MST4;PRKCD;STK24;VIM"
"FDR_Pass","enhancer sequence-specific DNA binding (GO:0001158)__GO_MF","User",14,0.0207468979635798,1,"ACTB;ACTL6A;ARID3B;CHD4;CREB1;H2AFZ;H3F3A;HDAC1;HDAC2;RXRB;SMARCA4;SMARCC1;SMARCC2;SPI1"
"FDR_Pass","regulation of transcription from RNA polymerase II promoter in response to stress (GO:0043618)__GO_BP","User",14,0.0207468979635798,1,"ATF4;CREBBP;EGLN2;KLF2;NOTCH1;RBX1;RPS27A;SIN3A;TCEB1;TCEB2;UBA52;UBC;UBE2D3;VHL"
"FDR_Pass","regulation of transforming growth factor beta receptor signaling pathway (GO:0017015)__GO_BP","User",20,0.0208036102308494,1,"AXIN1;FAM89B;GLG1;LEMD3;LRG1;PPP1CA;PPP1CB;PPP1CC;PPP1R15A;RPS27A;SMAD4;SNW1;SNX6;STRAP;STUB1;TGFBR3;TRIM33;UBA52;UBC;XPO1"
"FDR_Pass","RNA polymerase II transcription factor binding (GO:0001085)__GO_MF","User",20,0.0208036102308494,1,"CHD4;CREB1;CREBBP;DMAP1;EOMES;ERCC1;GSK3B;GTF2A2;HCLS1;HDAC1;HDAC2;LPIN1;MTDH;SETD3;SIN3A;SMAD4;SPEN;SPI1;SPOP;STAT3"
"FDR_Pass","protein transporter activity (GO:0008565)__GO_MF","User",18,0.0213301866810984,1,"AP1G2;AP1S2;ITGB1BP1;KPNA1;KPNA4;KPNA6;KPNB1;MCL1;SEC61G;TIMM23;TOMM20;TOMM22;TOMM7;USO1;VPS26A;XPO1;XPO6;XPO7"
"FDR_Pass","Signaling pathways regulating pluripotency of stem cells_Homo sapiens_hsa04550__KEGG_2016","User",16,0.0214010704434144,1,"AKT1;AXIN1;FZD7;GRB2;GSK3B;ID2;JAK1;JARID2;MAP2K2;MAPK1;MAPK3;PIK3CD;PIK3CG;RAF1;SMAD4;STAT3"
"FDR_Pass","Fc-epsilon receptor signaling pathway (GO:0038095)__GO_BP","User",39,0.0220836483974694,1,"AKT1;CARD11;CD86;CDKN1A;CDKN1B;CREB1;FOS;FOXO3;FOXO4;FYN;GAB2;GRB2;GSK3B;IKBKG;LAT;LAT2;LYN;MAP2K2;MAP3K1;MAP3K7;MAPK1;MAPK3;PAK1;PIK3CD;PLCG2;PPP3CB;PPP3R1;RAC1;RAF1;RASGRP1;RPS27A;RPS6KB2;SHC1;SYK;TNRC6B;UBA52;UBC;UBE2N;YWHAB"
"FDR_Pass","chromatin binding (GO:0003682)__GO_MF","User",61,0.0231103943904292,1,"ACTB;ACTL6A;APEX1;ARID3A;BRD2;BRD3;C17ORF49;CENPB;CHD4;CREBBP;DDX1;DMAP1;DMTF1;EOMES;FOXO3;GON4L;H2AFZ;H3F3A;HCFC1;HDAC1;HDAC2;HMGN1;HMGN4;JARID2;KIAA0101;MBD6;MED1;MIER1;MORF4L1;MYPOP;NCOA1;NCOA3;NCOA6;NCOR2;NIPBL;NOTCH1;PAF1;PBX2;PRKAA1;RAN;RARA;RERE;RNF20;RXRA;SAFB;SF3B1;SIN3A;SMAD4;SMARCA4;SMARCC1;SMARCC2;SP3;SRF;SSBP1;STAG2;STAT5B;SUZ12;UXT;WBP2;WDR82;ZNHIT1"
"FDR_Pass","Natural killer cell mediated cytotoxicity__ImmunePathway","Immune",37,0.0241538655867797,1,"ARAF;CD48;CHP;FCGR3A;FYN;GRB2;HLA-A;HLA-B;HLA-E;ICAM2;IFNAR1;IFNAR2;IFNGR1;ITGAL;ITGB2;KIR2DL3;LAT;MAP2K2;MAPK1;MAPK3;PAK1;PIK3CD;PIK3CG;PLCG2;PPP3CB;PPP3R1;PRF1;PTK2B;PTPN6;RAC1;RAC2;RAF1;SH2D1A;SHC1;SYK;TNFRSF10B;ZAP70"
"FDR_Pass","regulation of MAP kinase activity (GO:0043405)__GO_BP","User",53,0.0243058647037538,1,"ADRA2C;AIDA;AXIN1;C5AR1;CD24;CD300A;CD74;CSK;CXCR4;DBNL;DNAJA1;DUSP18;GBA;GPS1;GSK3B;IKBKG;ILK;IRAK1;LPAR2;LYN;MAP2K2;MAP2K3;MAP3K1;MAP3K11;MAP3K5;MAP3K7;MAP4K1;MAP4K2;MAPK1;MAPK3;MAPK8IP3;MAPKAPK2;MAPKAPK3;MIF;MUL1;PAK1;PIK3CG;PPP2CA;PPP2R1A;PRKAA1;PRKCD;PTK2B;PTPLAD1;PTPN6;RPS27A;S100A12;SHC1;SOD1;SORL1;STK38;SYK;UBA52;UBC"
"FDR_Pass","protein phosphatase binding (GO:0019903)__GO_MF","User",25,0.0245791351829583,1,"ANAPC5;ATP2B4;BCL2;CDKN1B;CSF1R;CSK;GRB2;IQGAP1;JAK1;LILRB1;MAP3K5;MVP;PPP2R4;PPP3CB;PSTPIP1;SMG5;SMG7;SNX3;SOD1;STAT3;STAT5A;STAT5B;STAT6;STAU1;VRK3"
"FDR_Pass","turquoise_upAging_oligo__Lu_Aging","Brain",111,0.0248502503951732,1,"ACLY;ACTL6A;ACTR3;ADD1;ADD3;AHCYL1;ANXA5;BAZ2B;BCL2;BIRC3;CASC3;CBFB;CDC2L6;CHD4;CHD9;CLDND1;CLK1;CNOT1;CNOT8;CREB1;CRKL;CSNK1G2;CTDSP2;CTNNA1;CYB5R3;DARS;DBI;DNAJB2;DPM2;DPYD;EFHA1;EMD;FAM53B;FAM98A;FBXO7;FNBP1;FNTA;FYN;FZD7;GAB2;GAK;GALC;GNAI2;HDAC2;HDDC2;HNRPH3;HNRPUL1;IQGAP1;ITGB1;ITM2A;KDELR1;KIAA0174;KIAA0240;LAMP1;LAMP2;LITAF;LPIN1;MAL;MAP3K5;MTDH;MYO9B;MYST3;NDRG1;NEDD9;NIPBL;PAF1;PEPD;PPP3CB;PRDX6;PRKCD;PTBP1;PTMA;PTP4A2;PUM1;RAB8A;RABGAP1;RASSF2;RBM34;RCBTB2;RHOG;RPL30;RPS29;RRBP1;RXRA;RYBP;SLC31A2;SPEN;STAU1;SUZ12;SYPL1;TALDO1;TAX1BP1;TAX1BP3;TLN1;TMEM123;TMEM59;TMEM87A;TOR1AIP1;TPD52L2;TRAM1;TROVE2;UBE2A;UBE2J1;UBL3;VCL;WDR23;XPC;YIPF6;YWHAH;ZMPSTE24;ZZEF1"
"FDR_Pass","acid-amino acid ligase activity (GO:0016881)__GO_MF","User",23,0.0262763683758192,1,"AKTIP;ATG10;ATG3;MUL1;PIAS1;PIAS4;PPCS;RBX1;RNF14;RNF7;SUMO3;SYVN1;UBE2A;UBE2D3;UBE2E1;UBE2I;UBE2J1;UBE2L3;UBE2M;UBE2N;UBE2Q2;UBE2W;UBL4A"
"FDR_Pass","negative regulation of protein transport (GO:0051224)__GO_BP","User",23,0.0262763683758192,1,"ANXA1;CD36;CSK;EMD;F2R;FAM89B;G3BP2;GDI1;GSK3B;IL10;ITGB1BP1;LILRB1;LITAF;NLRP12;PARK7;PARP10;PPM1B;RANGAP1;RHBDF2;SNX3;TACC3;TXN;YWHAB"
"FDR_Pass","Axon guidance_Homo sapiens_hsa04360__KEGG_2016","User",21,0.0279311940461599,1,"CFL1;CXCR4;DPYSL5;FYN;GNAI2;GSK3B;ITGB1;MAPK1;MAPK3;NCK1;PAK1;PPP3CB;PPP3R1;RAC1;RAC2;RHOA;ROCK2;SEMA4A;SEMA4B;SEMA4D;SEMA6B"
"FDR_Pass","platelet degranulation (GO:0002576)__GO_BP","User",21,0.0279311940461599,1,"ACTN1;ACTN4;ALDOA;BRPF3;CAP1;CD36;CFL1;F13A1;LAMP2;LYN;PECAM1;PFN1;PSAP;SERPINA1;SOD1;TIMP1;TLN1;TMSB4X;TUBA4A;VCL;WDR1"
"FDR_Pass","ERBB signaling pathway (GO:0038127)__GO_BP","User",38,0.0283647415440409,1,"ADRBK1;AKT1;AP2M1;ARF4;CAMLG;CD86;CDKN1A;CDKN1B;CREB1;CSK;DGKD;EPN1;FOXO3;FOXO4;FYN;GRB2;GSK3B;HGS;IQGAP1;MAP2K2;MAPK1;MAPK3;MVP;PAG1;PIK3CD;PRKCD;PTK2B;RAF1;RASSF2;REPS2;RPS27A;RPS6KB2;SH3KBP1;SHC1;TNRC6B;UBA52;UBC;YWHAB"
"FDR_Pass","cell junction organization (GO:0034330)__GO_BP","User",28,0.0284142541624882,1,"ACTB;ACTN1;ACTN4;BCL2;CCM2;CD151;CLDN14;CSF1R;CSK;CTNNA1;F11R;GJC1;ILK;ITGA5;ITGB1;MTDH;MYADM;PTK2B;RAB8B;RAC1;RHOA;RHOC;SRF;TBCD;TLN1;TNS1;VASP;VCL"
"FDR_Pass","core promoter proximal region DNA binding (GO:0001159)__GO_MF","User",28,0.0284142541624882,1,"ACTB;ACTL6A;AKNA;ARID3B;ATF4;CEBPZ;CHD4;CREB1;CREBBP;DPF2;ELF4;ETV6;FOXJ2;H2AFZ;HDAC1;HDAC2;HNRNPK;IRF1;MED1;MTF1;MYPOP;SMAD4;SMARCA4;SMARCC1;SMARCC2;SP3;SPI1;SRF"
"FDR_Pass","core promoter proximal region sequence-specific DNA binding (GO:0000987)__GO_MF","User",28,0.0284142541624882,1,"ACTB;ACTL6A;AKNA;ARID3B;ATF4;CEBPZ;CHD4;CREB1;CREBBP;DPF2;ELF4;ETV6;FOXJ2;H2AFZ;HDAC1;HDAC2;HNRNPK;IRF1;MED1;MTF1;MYPOP;SMAD4;SMARCA4;SMARCC1;SMARCC2;SP3;SPI1;SRF"
"FDR_Pass","peptidyl-tyrosine modification (GO:0018212)__GO_BP","User",28,0.0284142541624882,1,"ABI1;BCR;CLK1;CLK2;CLK3;CSF1R;CSK;DDR1;F2R;FYN;JAK1;LYN;MAP2K2;MAP2K3;MAP3K11;MAPK3;MATK;PRKCD;PTK2B;PTPN6;SCYL1;SHC1;STAT5A;SYK;TNK2;TPST2;TYK2;ZAP70"
"FDR_Pass","regulation of protein import into nucleus (GO:0042306)__GO_BP","User",28,0.0284142541624882,1,"AXIN1;BCL3;CD36;CDKN1A;DMAP1;EMD;FAM89B;FZD7;G3BP2;GSK3B;HCLS1;HSP90AB1;IL10;IL18;KPNA1;LITAF;MED1;NLRP12;PARP10;PPM1B;PRDX1;RBCK1;RHOA;SMAD4;TACC3;TNFRSF1A;TNFSF14;TXN"
"FDR_Pass","upMacrophageActivagtion_GSE1910__MicrogialMarkers","Brain",28,0.0284142541624882,1,"ALOX5;ALOX5AP;AMD1;APEX1;BOP1;CRKL;DDX21;DNAJC4;FCGR3A;FOS;IDH3B;IFNAR1;KIAA0101;LCN2;LDHA;LPIN1;MX2;NME1;RPL5;RUNX3;S100A8;S100A9;SERPINA1;SLC11A1;SLC16A3;SSBP1;TIMP1;VBP1"
"FDR_Pass","Fc gamma R-mediated phagocytosis_Homo sapiens_hsa04666__KEGG_2016","User",33,0.0288813737583536,1,"AKT1;ARPC1B;ARPC4;ASAP1;CFL1;CRKL;DNM2;DOCK2;FCGR2A;FCGR3A;GAB2;INPP5D;INPPL1;LAT;LYN;MAPK1;MAPK3;MARCKSL1;NCF1;PAK1;PIK3CD;PIK3CG;PLA2G4B;PLCG2;PRKCD;RAC1;RAC2;RAF1;RPS6KB2;SYK;VASP;WAS;WASF2"
"FDR_Pass","IL-6 __ImmunePathway","Immune",19,0.02945527682371,1,"AKT1;CREBBP;GRB2;GSK3B;HDAC1;IRF1;JAK1;MAP2K2;MAP3K7;MAPK1;MAPK3;NCOA1;PRDM1;PRKCD;RAC1;SHC1;STAT3;TIMP1;TYK2"
"FDR_Pass","protein import into nucleus (GO:0006606)__GO_BP","User",19,0.02945527682371,1,"ADAR;CFL1;F2R;FYB;KPNA1;KPNA4;KPNA6;KPNB1;LMNA;MAPK1;MCM3AP;NOP58;PHIP;PPP3R1;RAN;RERE;RPAIN;RPL23;STAT3"
"FDR_Pass","single-organism nuclear import (GO:1902593)__GO_BP","User",19,0.02945527682371,1,"ADAR;CFL1;F2R;FYB;KPNA1;KPNA4;KPNA6;KPNB1;LMNA;MAPK1;MCM3AP;NOP58;PHIP;PPP3R1;RAN;RERE;RPAIN;RPL23;STAT3"
"FDR_Pass","beta-catenin binding (GO:0008013)__GO_MF","User",11,0.029701021993061,1,"AXIN1;CARM1;CHD8;CSNK2A1;CTNNA1;GSK3B;HDAC6;SLC9A3R1;TAX1BP3;TBL1X;VCL"
"FDR_Pass","cell killing (GO:0001906)__GO_BP","User",11,0.029701021993061,1,"CAMP;CTSC;CTSH;DEFA1;DEFA3;LYST;NCF1;PRDX1;PTPN6;S100A12;STXBP2"
"FDR_Pass","cellular response to retinoic acid (GO:0071300)__GO_BP","User",11,0.029701021993061,1,"ADD1;FZD7;LYN;NDUFA13;OGT;PTK2B;RARA;RXRB;SNW1;TESC;TWF2"
"FDR_Pass","negative regulation of protein polymerization (GO:0032272)__GO_BP","User",11,0.029701021993061,1,"ADD1;CAPZA2;CAPZB;MYADM;PFN1;PRKCD;TBCD;TMSB10;TMSB4X;TRIOBP;TWF2"
"FDR_Pass","Protein export_Homo sapiens_hsa03060__KEGG_2016","User",11,0.029701021993061,1,"SEC11A;SEC11C;SEC61A1;SEC61B;SEC61G;SPCS1;SRP14;SRP54;SRP68;SRP9;SRPR"
"FDR_Pass","regulation of transcription from RNA polymerase II promoter in response to hypoxia (GO:0061418)__GO_BP","User",11,0.029701021993061,1,"CREBBP;EGLN2;NOTCH1;RBX1;RPS27A;TCEB1;TCEB2;UBA52;UBC;UBE2D3;VHL"
"FDR_Pass","striated muscle tissue development (GO:0014706)__GO_BP","User",11,0.029701021993061,1,"CFLAR;GJC1;HLX;ID2;MBNL1;MYL6;NDUFV2;NOTCH1;RHOA;SVIL;VAMP5"
"FDR_Pass","Cardiac muscle contraction_Homo sapiens_hsa04260__KEGG_2016","User",17,0.0307077261741185,1,"ATP1A1;ATP1B3;COX4I1;COX5A;COX5B;COX6A1;COX6C;COX7A2;COX7A2L;COX7C;SLC9A1;TPM3;UQCRC2;UQCRFS1;UQCRH;UQCRHL;UQCRQ"
"FDR_Pass","response to retinoic acid (GO:0032526)__GO_BP","User",17,0.0307077261741185,1,"ADD1;CLK2;CTSH;FZD7;IGF2R;LYN;NCOA1;NDUFA13;OGT;PTK2B;RARA;RXRA;RXRB;SCAMP3;SNW1;TESC;TWF2"
"FDR_Pass","ligase activity, forming carbon-nitrogen bonds (GO:0016879)__GO_MF","User",26,0.0308092323829698,1,"ADSS;AKTIP;ASNSD1;ATG10;ATG12;ATG3;MUL1;PIAS1;PIAS4;PPCS;RBX1;RNF14;RNF7;SUMO3;SYVN1;UBE2A;UBE2D3;UBE2E1;UBE2I;UBE2J1;UBE2L3;UBE2M;UBE2N;UBE2Q2;UBE2W;UBL4A"
"FDR_Pass","morphogenesis of an epithelium (GO:0002009)__GO_BP","User",26,0.0308092323829698,1,"BCL2;CCM2;CFL1;CSF1R;CSNK2B;CTSH;CTSZ;CXCR4;DDR1;GATAD2A;GNA13;GRB2;IL10;ILK;MED1;NCOA3;NOTCH1;PAK1;PHB2;PPP1CA;PPP3R1;PRKD2;SMAD4;SRF;STAT5A;VCL"
"FDR_Pass","protein localization to nucleus (GO:0034504)__GO_BP","User",26,0.0308092323829698,1,"ABCA7;ADAR;BANP;CFL1;F2R;FYB;KPNA1;KPNA4;KPNA6;KPNB1;LMNA;MAPK1;MCM3AP;NOP58;OSBPL8;PHIP;PLRG1;PPP3R1;RAN;RERE;RPAIN;RPL11;RPL23;STAT3;SUMO3;XPO1"
"FDR_Pass","Natural killer cell mediated cytotoxicity_Homo sapiens_hsa04650__KEGG_2016","User",36,0.0311124269432984,1,"ARAF;CD48;FCGR3A;FYN;GRB2;HLA-A;HLA-B;HLA-E;ICAM2;IFNAR1;IFNAR2;IFNGR1;ITGAL;ITGB2;KIR2DL3;LAT;MAP2K2;MAPK1;MAPK3;PAK1;PIK3CD;PIK3CG;PLCG2;PPP3CB;PPP3R1;PRF1;PTK2B;PTPN6;RAC1;RAC2;RAF1;SH2D1A;SHC1;SYK;TNFRSF10B;ZAP70"
"FDR_Pass","IL-2 __ImmunePathway","Immune",13,0.0313388559626187,1,"AKT1;AKTIP;CSNK2A1;CSNK2B;FOS;GRB2;JAK1;PIK3CD;PIK3CG;RAF1;STAT5A;STAT5B;SYK"
"FDR_Pass","Long-term depression_Homo sapiens_hsa04730__KEGG_2016","User",13,0.0313388559626187,1,"ARAF;GNA13;GNAI2;GNAS;LYN;MAP2K2;MAPK1;MAPK3;PLA2G4B;PLCB2;PPP2CA;PPP2R1A;RAF1"
"FDR_Pass","regulation of JAK-STAT cascade (GO:0046425)__GO_BP","User",13,0.0313388559626187,1,"ADIPOR1;ARL2BP;CCL5;CD300A;CSF1R;F2R;HCLS1;HGS;LYN;NOTCH1;PPP2CA;PPP2R1A;TNFRSF1A"
"FDR_Pass","stem cell maintenance (GO:0019827)__GO_BP","User",15,0.0314609194631895,1,"ASCL2;CREBBP;EOMES;FZD7;MED28;NIPBL;NOTCH1;PAF1;RAF1;RTF1;SMARCA4;SPI1;STAG2;STAT3;TPT1"
"FDR_Pass","activation of protein kinase activity (GO:0032147)__GO_BP","User",47,0.0322738161319608,1,"ADRA2C;AXIN1;C5AR1;CAB39;CD74;CRKL;CXCR4;DBNL;F2R;GNAI2;IKBKG;IRAK1;ITGB1BP1;LPAR2;MAP2K2;MAP2K3;MAP3K1;MAP3K11;MAP3K5;MAP3K7;MAP4K1;MAP4K2;MAPK1;MAPK3;MAPK8IP3;MAPKAPK2;MAPKAPK3;MUL1;PARK7;PILRB;PINK1;PPP2R3C;PRKAA1;PTK2B;PTPLAD1;RAF1;RAPGEF1;RPS27A;SHC1;SLC11A1;SOD1;SYK;TNFRSF10B;TXN;UBA52;UBC;YWHAB"
"FDR_Pass","GTPase activator activity (GO:0005096)__GO_MF","User",39,0.0329212852748982,1,"ABR;ARAP1;ARAP3;ARFGAP2;ARHGAP1;ARHGAP17;ARHGAP25;ARHGAP30;ARHGAP4;ARHGAP9;ARHGDIA;ARHGDIB;ASAP1;AXIN1;BCR;BNIP2;DOCK2;FAM13B;GDI1;GMIP;HMHA1;IQGAP1;MYO9B;NCKAP1L;PTPLAD1;RABGAP1;RALBP1;RANBP1;RANGAP1;RASAL3;RGS18;SH3BGRL3;SH3BP1;SIPA1;SIPA1L3;SMAP2;TBC1D10B;TBC1D10C;TBCD"
"FDR_Pass","ER_Golgi_vesicles_Foster__MO","Brain",34,0.0341324047315359,1,"ACTR1A;ACTR3;ALDOC;ARPC4;CAPZA2;CAPZB;COPE;EHD1;EIF4G1;FARSLB;NUCB1;RAB10;RAB5B;RAB8A;RDH11;RPL13;RPL15;RPL21;RPL3;RPL6;RPL9;RPS11;RPS14;RPS18;RPS27A;RPS3A;RPS8;SFRS2;SND1;SNX2;TCP1;TGOLN2;TMED7;VPS26A"
"FDR_Pass","inorganic cation transmembrane transport (GO:0098662)__GO_BP","User",42,0.0343671718252777,1,"ATP1A1;ATP1B3;ATP2B4;ATP5C1;ATP5E;ATP5EP2;ATP5F1;ATP5H;ATP5I;ATP5J;ATP5J2;ATP5L;ATP5O;ATP6AP1;ATP6V0A1;ATP6V0B;ATP6V0C;ATP6V0D1;ATP6V1B2;ATP6V1E1;COX4I1;COX5A;COX5B;COX6A1;COX6C;COX7A2;COX7A2L;COX7C;FKBP1A;MCOLN1;NDUFA4;SLC11A1;SLC25A37;SLC31A2;SLC39A3;SLC9A1;TCIRG1;TRPC4AP;TRPV2;UQCRFS1;UQCRH;UQCRQ"
"FDR_Pass","cell junction assembly (GO:0034329)__GO_BP","User",22,0.0359647069205562,1,"ACTB;ACTN1;ACTN4;BCL2;CD151;CLDN14;CTNNA1;F11R;GJC1;ILK;ITGA5;ITGB1;MTDH;PTK2B;RHOA;RHOC;SRF;TBCD;TLN1;TNS1;VASP;VCL"
"FDR_Pass","tissue homeostasis (GO:0001894)__GO_BP","User",22,0.0359647069205562,1,"ACTB;ADD1;BCL2;CD7;CORO1A;CTSH;F2R;GNAS;HSPB1;ITGB1;MUC6;POTEF;PRDX1;PTK2B;RAB7A;RAC1;RAC2;SASH3;SOD1;SRF;STRAP;TPP1"
"FDR_Pass","epidermal growth factor receptor signaling pathway (GO:0007173)__GO_BP","User",37,0.0361877336099157,1,"ADRBK1;AKT1;AP2M1;ARF4;CAMLG;CD86;CDKN1A;CDKN1B;CREB1;CSK;DGKD;EPN1;FOXO3;FOXO4;FYN;GRB2;GSK3B;HGS;IQGAP1;MAP2K2;MAPK1;MAPK3;PAG1;PIK3CD;PRKCD;PTK2B;RAF1;RASSF2;REPS2;RPS27A;RPS6KB2;SH3KBP1;SHC1;TNRC6B;UBA52;UBC;YWHAB"
"FDR_Pass","intracellular receptor signaling pathway (GO:0030522)__GO_BP","User",37,0.0361877336099157,1,"BCL2;CARM1;CASP1;DEFA1;DEFA3;DNAJA1;EGLN2;HSP90AB1;IKBKG;IRAK1;IRF3;LSM14A;MAP3K7;MED1;NCOA1;NCOA3;NCOA6;PIAS1;PSTPIP1;PTGES3;RAN;RARA;RBM14;RHOA;RNF14;RPS27A;RXRA;RXRB;SAFB;SNW1;STAT3;TADA3;TXN;UBA52;UBC;UBE2N;YWHAH"
"FDR_Pass","protein autophosphorylation (GO:0046777)__GO_BP","User",32,0.0374519708994313,1,"AKT1;BCR;CAMK2G;CLK1;CLK2;CLK3;CSF1R;CSK;CSNK1G2;CSNK2A1;DDR1;EIF2AK1;FYN;GRK5;IRAK1;JAK1;LYN;MAP2K2;MAP3K11;MAP4K1;MAPK3;PAK1;PINK1;PRKD2;PTK2B;SMG1;STK10;STK17B;STK24;SYK;ULK1;ZAP70"
"FDR_Pass","peptidyl-tyrosine phosphorylation (GO:0018108)__GO_BP","User",27,0.0376699369392939,1,"ABI1;BCR;CLK1;CLK2;CLK3;CSF1R;CSK;DDR1;F2R;FYN;JAK1;LYN;MAP2K2;MAP2K3;MAP3K11;MAPK3;MATK;PRKCD;PTK2B;PTPN6;SCYL1;SHC1;STAT5A;SYK;TNK2;TYK2;ZAP70"
"FDR_Pass","General chemokine pathways__ImmunePathway","Immune",40,0.037812423233247,1,"ADRBK1;AKT1;CCL5;CCR2;CCR6;CRKL;CSK;CXCL16;CXCR1;CXCR4;DOCK2;ELMO1;FOXO3;GNAI2;GNB1;GNG10;GRB2;GRK5;GSK3B;IKBKG;LYN;MAPK1;MAPK3;NCF1;PAK1;PIK3CD;PIK3CG;PLCB2;PRKCD;PTK2B;RAC1;RAC2;RAF1;RASGRP2;RHOA;ROCK2;SHC1;STAT3;STAT5B;WAS"
"FDR_Pass","growth (GO:0040007)__GO_BP","User",40,0.037812423233247,1,"ADD1;ARIH2;BCL2;CCM2;CCNG1;CFLAR;DGKD;EIF4H;EMP3;ERCC1;FKBP8;FOXO3;GNAS;GPX1;IQGAP1;ITGB1;KLF2;LY6E;NCOA3;NDEL1;NINJ1;NIPBL;NOP58;NOTCH1;PLEKHA1;PPP3CB;PRMT2;PSAP;RARA;SAFB;SEC61A1;SIK3;SLC9A1;SMAD4;SMARCA4;SRF;STK40;TGFBR3;ULK1;ZMIZ1"
"FDR_Pass","cellular response to reactive oxygen species (GO:0034614)__GO_BP","User",20,0.0386471702654969,1,"ANXA1;APEX1;FOS;GPX1;HBA1;HBB;HDAC6;KLF2;MAP3K5;PARK7;PLEKHA1;PRDX1;PRDX3;PRDX6;PRKAA1;RHOB;ROMO1;SOD1;SOD2;STAT6"
"FDR_Pass","UpWithAlzheimers_Blalock__ADvsCT_inCA1","Brain",190,0.0393389431913166,1,"ADAM19;ADD3;AHCYL1;AKAP13;ANXA1;APBA3;ARHGAP17;ARHGEF18;ARS2;ATP5C1;BCL2;BIRC2;BRD3;BSDC1;CAMK2G;CASC3;CD151;CDC2L6;CENPB;CFLAR;CGGBP1;CHES1;CNNM3;CNOT1;CORO1B;CREBBP;CROP;CSDA;CTBP1;CTDSP1;CTDSP2;CTNS;CUTL1;CXCR4;CYP4F3;DAPP1;DDR1;DDX21;DGKD;DHX16;DNAJB6;DNAJC4;EEF1D;EEF1G;EHD1;EIF2C2;ELF4;EMP3;F2R;FAM38A;FAM53B;FAM60A;FBXL11;FBXO11;FNBP1;FOXJ2;FTL;FYN;GAK;GGA1;GGPS1;GMEB2;GPR56;GPX1;GRK5;GRN;HDAC1;HDDC2;HMG20B;IL16;INPP5D;INPPL1;IRAK1;IRF3;ITPK1;ITPKB;JARID2;JUND;KIAA0101;KIAA0174;KIAA0391;KPNA6;KPNB1;LAMP1;LAT2;LPIN1;LPP;LRCH4;LRP10;MAFB;MAP2K2;MAP2K3;MAP3K11;MAP4K4;MAPKAPK2;MCL1;MKNK2;MT2A;MTF1;MXD4;MYO9B;MYST3;NADK;NAP1L1;NCOA1;NCOA3;NCOR2;NDE1;NECAP2;NIPBL;NOTCH1;OGFR;PACSIN2;PAPOLA;PDE4C;PGLS;PHIP;PHKA2;PIAS4;PITPNC1;PKNOX1;PLEKHG3;POLR2H;PPP1CC;PPP1R15A;PPP2CA;PRDX6;PRKD2;PRPF8;PSCD4;PSD4;PSTPIP2;PTBP1;PTMA;RALBP1;RALGDS;RALY;RANBP3;RAPGEF6;RBM10;RIOK3;RNASET2;RPL13;RPL13A;RPL5;RPS4X;RPS9;RXRA;RYBP;SAFB;SAFB2;SDF4;SEC14L1;SERTAD2;SET;SF3A2;SLC11A1;SLC25A37;SMARCC1;SMARCC2;SPEN;SPSB3;STAG2;STARD7;STAT6;STK10;STOM;TAX1BP3;TBL1X;TGFBR3;TIAF1;TMBIM1;TMBIM4;TNFRSF1A;TNIP1;TNS1;TRAM1;TRIM26;TRIOBP;TROVE2;TSC22D3;USP4;VPS37C;WASF2;WDR6;WTAP;XKR8;YIPF6;ZFP106;ZNF672"
"FDR_Pass","cellular response to external stimulus (GO:0071496)__GO_BP","User",35,0.0397952408867762,1,"AKT1;ASGR1;ATG12;ATP1A1;BCL2;CASP1;CDKN1A;CHMP1A;CNN2;CYBA;EIF2AK4;FOS;GSDMD;GSK3B;HDAC6;HIGD1A;IRF1;ITGB1;LDHA;LTBR;LYN;MAP3K1;MAPK3;NCOA1;NUAK2;OPTN;PRKAA1;SIPA1;SQSTM1;SRF;TNFRSF10B;TNFRSF1A;TNFSF14;UCP2;ULK1"
"FDR_Pass","multicellular organismal reproductive process (GO:0048609)__GO_BP","User",46,0.0400251548926469,1,"ACOX1;ACSL4;AKT1;ALKBH5;BCAP31;BIRC3;BRD2;CCNI;CTSH;DEDD;DMC1;DNAJA1;ERCC1;FOXO3;GGNBP2;HEXB;IGF2R;ITGB1;KIAA0430;KPNA6;MCM8;MED1;NCOA1;NCOR2;NDRG3;PAIP2;PHC2;PIAS1;PLEKHA1;PRDM1;PRDX3;RARA;ROPN1B;RPS6;RXRA;RXRB;SBF1;SIAH1;SOD1;SP3;SSTR2;TMED2;UBE2A;UBR2;WDR33;YY1"
"FDR_Pass","response to oxygen levels (GO:0070482)__GO_BP","User",46,0.0400251548926469,1,"ACTN4;ADSL;AKT1;ALDOC;ALKBH5;ASCL2;BCL2;BIRC2;CASP1;CD24;CDKN1A;CDKN1B;CREBBP;CXCR4;EGLN2;GNB1;HIGD1A;IRAK1;LMNA;NDRG1;NOTCH1;PAK1;PINK1;PLOD1;PRKAA1;PTK2B;RAF1;RBX1;RHOA;RPS27A;SCAP;SMAD4;SOD2;SRF;STAT5B;TACC3;TCEB1;TCEB2;TGFBR3;TNFRSF1A;UBA52;UBC;UBE2D3;UBQLN1;UCP2;VHL"
"FDR_Pass","positive regulation of Rho GTPase activity (GO:0032321)__GO_BP","User",25,0.0411052877556203,1,"ABR;AKAP13;ARAP1;ARAP3;ARHGAP1;ARHGAP4;ARHGEF18;ARHGEF2;BCR;DOCK2;FGD3;GMIP;GPR65;GSK3B;MYO9B;NCKAP1L;NDEL1;PLEKHG3;PTK2B;RALBP1;RASGRP1;RHOG;SEMA4D;SH3BGRL3;TAX1BP3"
"FDR_Pass","protein import (GO:0017038)__GO_BP","User",25,0.0411052877556203,1,"ADAR;CFL1;F2R;FYB;HSP90AA1;KPNA1;KPNA4;KPNA6;KPNB1;LMNA;MAPK1;MCM3AP;NDUFA13;NOP58;PEX16;PHIP;PPP3R1;RAB8B;RAN;RERE;RPAIN;RPL23;STAT3;TOMM22;TOMM7"
"FDR_Pass","WNT signaling__ImmunePathway","Immune",25,0.0411052877556203,1,"AXIN1;CAMK2G;CCND3;CHD8;CHP;CREBBP;CSNK2A1;CSNK2B;CTBP1;FZD7;GSK3B;MAP3K7;PLCB2;PPP2CA;PPP2R1A;PPP3CB;PPP3R1;RAC1;RAC2;RBX1;RHOA;ROCK2;SIAH1;SMAD4;TBL1X"
"FDR_Pass","negative regulation of cytoskeleton organization (GO:0051494)__GO_BP","User",18,0.0412941029144027,1,"ADD1;ARAP1;ARHGEF2;CAPZA2;CAPZB;CORO1A;CORO1B;HDAC6;MID1IP1;MYADM;PFN1;PRKCD;TBCD;TMSB10;TMSB4X;TRIOBP;TWF2;WASF2"
"FDR_Pass","response to ethanol (GO:0045471)__GO_BP","User",18,0.0412941029144027,1,"BIRC2;CSF2RA;EIF4G1;FYN;G6PD;POLB;PRKAA1;PTK2B;RARA;RHOA;S100A8;S100A9;SDF4;SOD1;SOD2;STAT3;STAT5B;TNFRSF1A"
"FDR_Pass","RNA polymerase II transcription factor binding transcription factor activity (GO:0001076)__GO_MF","User",18,0.0412941029144027,1,"CREB1;CREBBP;CTBP1;EOMES;HDAC1;MED1;MED22;NCOA1;NOTCH1;RBM14;SIN3A;SMAD4;SMARCA4;SPEN;SRF;TDG;UXT;WBP2"
"FDR_Pass","integrin binding (GO:0005178)__GO_MF","User",16,0.043752504675328,1,"ACTN1;ACTN4;ANXA7;CD151;FERMT3;GSK3B;ICAM2;ICAM3;ILK;ITGA5;ITGB1;ITGB1BP1;LYN;NISCH;SYK;TLN1"
"FDR_Pass","Long-term potentiation_Homo sapiens_hsa04720__KEGG_2016","User",16,0.043752504675328,1,"ARAF;ATF4;CALM3;CAMK2G;CREBBP;MAP2K2;MAPK1;MAPK3;PLCB2;PPP1CA;PPP1CB;PPP1CC;PPP3CB;PPP3R1;RAF1;RPS6KA1"
"FDR_Pass","cell-cell junction organization (GO:0045216)__GO_BP","User",23,0.0448042338745328,1,"ACTB;ACTN1;ACTN4;BCL2;CCM2;CLDN14;CSF1R;CSK;CTNNA1;F11R;GJC1;ITGB1;MTDH;MYADM;PTK2B;RAB8B;RAC1;RHOA;RHOC;SRF;TBCD;TLN1;VCL"
"FDR_Pass","protein tyrosine kinase activity (GO:0004713)__GO_MF","User",23,0.0448042338745328,1,"BCR;CLK1;CLK2;CLK3;CSF1R;CSK;DDR1;FYN;IGF2R;JAK1;LYN;MAP2K2;MAP2K3;MAP3K11;MATK;PRKCD;PTK2B;SCYL1;SHC1;SYK;TNK2;TYK2;ZAP70"
"FDR_Pass","cGMP-PKG signaling pathway_Homo sapiens_hsa04022__KEGG_2016","User",28,0.0451107284565158,1,"ADRA2C;AKT1;ATF4;ATP1A1;ATP1B3;ATP2B4;CALM3;CREB1;GNA13;GNAI2;MAP2K2;MAPK1;MAPK3;MEF2D;PIK3CD;PIK3CG;PLCB2;PPP1CA;PPP1CB;PPP1CC;PPP3CB;PPP3R1;RAF1;RHOA;ROCK2;SRF;VASP;VDAC3"
"FDR_Pass","intracellular transport of virus (GO:0075733)__GO_BP","User",14,0.0457556876835325,1,"DERL1;DYNLT1;KPNA1;KPNB1;RAN;RPS27A;THOC5;THOC7;UBA52;UBC;VPS28;VPS37B;VPS37C;XPO1"
"FDR_Pass","multi-organism intracellular transport (GO:1902583)__GO_BP","User",14,0.0457556876835325,1,"DERL1;DYNLT1;KPNA1;KPNB1;RAN;RPS27A;THOC5;THOC7;UBA52;UBC;VPS28;VPS37B;VPS37C;XPO1"
"FDR_Pass","multi-organism localization (GO:1902579)__GO_BP","User",14,0.0457556876835325,1,"DERL1;DYNLT1;KPNA1;KPNB1;RAN;RPS27A;THOC5;THOC7;UBA52;UBC;VPS28;VPS37B;VPS37C;XPO1"
"FDR_Pass","multi-organism transport (GO:0044766)__GO_BP","User",14,0.0457556876835325,1,"DERL1;DYNLT1;KPNA1;KPNB1;RAN;RPS27A;THOC5;THOC7;UBA52;UBC;VPS28;VPS37B;VPS37C;XPO1"
"FDR_Pass","small conjugating protein ligase activity (GO:0019787)__GO_MF","User",14,0.0457556876835325,1,"AKTIP;ATG10;ATG3;MUL1;PIAS1;PIAS4;RBX1;RNF14;RNF7;SUMO3;UBE2E1;UBE2I;UBE2M;UBL4A"
"FDR_Pass","transport of virus (GO:0046794)__GO_BP","User",14,0.0457556876835325,1,"DERL1;DYNLT1;KPNA1;KPNB1;RAN;RPS27A;THOC5;THOC7;UBA52;UBC;VPS28;VPS37B;VPS37C;XPO1"
"FDR_Pass","response to acid chemical (GO:0001101)__GO_BP","User",36,0.0458482039335733,1,"AARS;ADD1;ATP2B4;BCL2;CDKN1B;CFL1;CLK2;CTSH;CYBA;FZD7;GNAS;GNB1;GPX1;IGF2R;LYN;NCOA1;NDUFA13;NME1;OGT;PTGER2;PTK2B;RARA;RHOA;RXRA;RXRB;SCAMP3;SIPA1;SNW1;SOD2;TESC;TGFBR3;TNFRSF1A;TWF2;UBR2;UCP2;YY1"
"FDR_Pass","protein methyltransferase activity (GO:0008276)__GO_MF","User",12,0.0468261015008503,1,"CARM1;CXXC1;FBL;FBXO11;PCMT1;PCMTD1;PRMT2;SETD2;SETD3;SUZ12;TRMT112;WDR82"
"FDR_Pass","Chemokine signaling pathway_Homo sapiens_hsa04062__KEGG_2016","User",39,0.047406501021513,1,"ADRBK1;AKT1;CCL5;CCR2;CCR6;CRKL;CXCL16;CXCR1;CXCR4;DOCK2;ELMO1;FOXO3;GNAI2;GNB1;GNG10;GRB2;GRK5;GSK3B;IKBKG;LYN;MAPK1;MAPK3;NCF1;PAK1;PIK3CD;PIK3CG;PLCB2;PRKCD;PTK2B;RAC1;RAC2;RAF1;RASGRP2;RHOA;ROCK2;SHC1;STAT3;STAT5B;WAS"
"FDR_Pass","Osteoclast differentiation_Homo sapiens_hsa04380__KEGG_2016","User",39,0.047406501021513,1,"AKT1;CREB1;CSF1R;CYBA;CYBB;FCGR2A;FCGR3A;FOS;FYN;GAB2;GRB2;IFNAR1;IFNAR2;IFNGR1;IKBKG;IRF9;JAK1;JUND;LILRA2;LILRA3;LILRA6;LILRB1;LILRB3;MAP3K7;MAPK1;MAPK3;NCF1;NCF4;PIK3CD;PIK3CG;PLCG2;PPP3CB;PPP3R1;RAC1;SPI1;SQSTM1;SYK;TNFRSF1A;TYK2"
"FDR_Pass","modification-dependent macromolecule catabolic process (GO:0043632)__GO_BP","User",72,0.047966779795861,1,"ANAPC5;ARIH2;BIRC2;BUB3;CDC26;CHFR;CRBN;DERL1;DNAJB2;EXOSC10;FBXL5;FBXO11;FBXO7;FBXW5;HDAC6;NUB1;PCBP2;PCNP;PINK1;PNPT1;PSMA1;PSMA3;PSMA4;PSMA5;PSMA6;PSMB1;PSMB4;PSMB6;PSMB7;PSMB9;PSMC2;PSMD12;PSMD6;PSME3;RBCK1;RBX1;RNF20;RNF40;RPS27A;SEC61B;SIAH1;SPOP;SQSTM1;STUB1;SYVN1;TBL1X;TCEB1;TRIM38;TRPC4AP;UBA1;UBA52;UBA7;UBAP1;UBC;UBE2A;UBE2D3;UBE2E1;UBE2I;UBE2J1;UBE2L3;UBE2N;UBE2W;UBE4A;UBE4B;UBR2;USP16;USP24;USP4;USP5;USP7;VPS28;ZMPSTE24"
"FDR_Pass","Hepatitis C_Homo sapiens_hsa05160__KEGG_2016","User",31,0.0481942339590069,1,"AKT1;ARAF;CDKN1A;CLDN14;EIF2AK1;EIF2AK4;EIF3E;GRB2;GSK3B;IFNAR1;IFNAR2;IKBKG;IRF1;IRF3;IRF9;JAK1;MAPK1;MAPK3;PIAS1;PIK3CD;PIK3CG;PPP2CA;PPP2R1A;PPP2R2B;PSME3;RAF1;RNASEL;RXRA;STAT3;TNFRSF1A;TYK2"
"FDR_Pass","Autism_associated_module_M12__Voineagu","Brain",42,0.048546814318575,1,"AARS;ABTB1;AP2M1;APBB3;ATP1A1;ATP6V0A1;ATP6V1B2;ATP6V1E1;BSCL2;CAMK1D;CAMK2G;CLSTN1;CS;DCTN1;DDX24;DHPS;FBXO33;FIBP;GPI;HK1;IQSEC1;KIAA0513;MAPK1;NDEL1;NFYC;PAK1;PIK4CA;PISD;PKM2;RAB37;RAB40C;RHBDD2;RNF123;RUSC1;SLC39A3;SPRYD3;SRPR;TESC;THOC5;USP5;VAMP2;VDAC3"
"FDR_Pass","regulation of transmembrane transport (GO:0034762)__GO_BP","User",26,0.0495155331564155,1,"ACTN4;AHCYL1;AKT1;ATP1B3;ATP2B4;AZIN1;BCL2;CAB39;CALM3;CLIC1;CLIC3;CRBN;CYBB;FKBP1A;GLRX;GSTO1;PARK7;PLCG2;PRNP;PTK2B;SLC31A2;SLC9A3R1;STOM;TESC;TRPV2;YWHAH"
"FDR_Pass","Thyroid hormone signaling pathway_Homo sapiens_hsa04919__KEGG_2016","User",26,0.0495155331564155,1,"ACTB;AKT1;ATP1A1;ATP1B3;CREBBP;GSK3B;HDAC1;HDAC2;KAT2B;MAP2K2;MAPK1;MAPK3;MED1;NCOA1;NCOA3;NOTCH1;PIK3CD;PIK3CG;PLCB2;PLCG2;RAF1;RHEB;RXRA;RXRB;SIN3A;SLC9A1"
